Model,Const,Mem,Prop,#States (min),#Params (min),Add. Settings,Method,Time,Found
hailfinder_2000,N/A,1,0.145_probability__max_Dewpoints0,	1540,1250,lr=0.1,adam,3659.464,0.1456
hailfinder_2000,N/A,1,0.145_probability__max_Dewpoints0,	1540,1250,lr=0.1,adam,3424.478,0.1456
hailfinder_2000,N/A,1,0.145_probability__max_Dewpoints0,	1540,1250,lr=0.1,adam,3242.187,0.1456
hailfinder_2000,N/A,1,0.145_probability__max_Dewpoints0,	1540,1250,lr=0.1,adam,3189.326,0.1456
hailfinder_2000,N/A,1,0.145_probability__max_Dewpoints0,	1540,1250,lr=0.1,adam,3310.246,0.1456
hailfinder_2000,N/A,1,0.145_probability__max_Dewpoints0,	1540,1250,lr=0.1,radam,N/A,N/A
hailfinder_2000,N/A,1,0.145_probability__max_Dewpoints0,	1540,1250,lr=0.1,radam,N/A,N/A
hailfinder_2000,N/A,1,0.145_probability__max_Dewpoints0,	1540,1250,lr=0.1,radam,N/A,N/A
hailfinder_2000,N/A,1,0.145_probability__max_Dewpoints0,	1540,1250,lr=0.1,radam,N/A,N/A
hailfinder_2000,N/A,1,0.145_probability__max_Dewpoints0,	1540,1250,lr=0.1,radam,N/A,N/A
hailfinder_2000,N/A,1,0.145_probability__max_Dewpoints0,	1540,1250,lr=0.1,rmsprop,1881.302,0.1451
hailfinder_2000,N/A,1,0.145_probability__max_Dewpoints0,	1540,1250,lr=0.1,rmsprop,1877.625,0.1451
hailfinder_2000,N/A,1,0.145_probability__max_Dewpoints0,	1540,1250,lr=0.1,rmsprop,1882.489,0.1451
hailfinder_2000,N/A,1,0.145_probability__max_Dewpoints0,	1540,1250,lr=0.1,rmsprop,1780.501,0.1451
hailfinder_2000,N/A,1,0.145_probability__max_Dewpoints0,	1540,1250,lr=0.1,rmsprop,1846.816,0.1451
hailfinder_2000,N/A,1,0.145_probability__max_Dewpoints0,	1540,1250,lr=0.1,plain,N/A,N/A
hailfinder_2000,N/A,1,0.145_probability__max_Dewpoints0,	1540,1250,lr=0.1,plain,N/A,N/A
hailfinder_2000,N/A,1,0.145_probability__max_Dewpoints0,	1540,1250,lr=0.1,plain,N/A,N/A
hailfinder_2000,N/A,1,0.145_probability__max_Dewpoints0,	1540,1250,lr=0.1,plain,N/A,N/A
hailfinder_2000,N/A,1,0.145_probability__max_Dewpoints0,	1540,1250,lr=0.1,plain,N/A,N/A
hailfinder_2000,N/A,1,0.145_probability__max_Dewpoints0,	1540,1250,lr=0.1,plain-sign,3572.057,0.1453
hailfinder_2000,N/A,1,0.145_probability__max_Dewpoints0,	1540,1250,lr=0.1,plain-sign,3573.999,0.1453
hailfinder_2000,N/A,1,0.145_probability__max_Dewpoints0,	1540,1250,lr=0.1,plain-sign,3573.768,0.1453
hailfinder_2000,N/A,1,0.145_probability__max_Dewpoints0,	1540,1250,lr=0.1,plain-sign,3575.613,0.1453
hailfinder_2000,N/A,1,0.145_probability__max_Dewpoints0,	1540,1250,lr=0.1,plain-sign,3159.75,0.1453
hailfinder_2000,N/A,1,0.145_probability__max_Dewpoints0,	1540,1250,lr=0.1,momentum,N/A,N/A
hailfinder_2000,N/A,1,0.145_probability__max_Dewpoints0,	1540,1250,lr=0.1,momentum,N/A,N/A
hailfinder_2000,N/A,1,0.145_probability__max_Dewpoints0,	1540,1250,lr=0.1,momentum,N/A,N/A
hailfinder_2000,N/A,1,0.145_probability__max_Dewpoints0,	1540,1250,lr=0.1,momentum,N/A,N/A
hailfinder_2000,N/A,1,0.145_probability__max_Dewpoints0,	1540,1250,lr=0.1,momentum,N/A,N/A
hailfinder_2000,N/A,1,0.145_probability__max_Dewpoints0,	1540,1250,lr=0.1,momentum-sign,2093.808,0.145
hailfinder_2000,N/A,1,0.145_probability__max_Dewpoints0,	1540,1250,lr=0.1,momentum-sign,2692.975,0.145
hailfinder_2000,N/A,1,0.145_probability__max_Dewpoints0,	1540,1250,lr=0.1,momentum-sign,2700.003,0.145
hailfinder_2000,N/A,1,0.145_probability__max_Dewpoints0,	1540,1250,lr=0.1,momentum-sign,2698.709,0.145
hailfinder_2000,N/A,1,0.145_probability__max_Dewpoints0,	1540,1250,lr=0.1,momentum-sign,2697.988,0.145
hailfinder_2000,N/A,1,0.145_probability__max_Dewpoints0,	1540,1250,lr=0.1,nesterov,N/A,N/A
hailfinder_2000,N/A,1,0.145_probability__max_Dewpoints0,	1540,1250,lr=0.1,nesterov,N/A,N/A
hailfinder_2000,N/A,1,0.145_probability__max_Dewpoints0,	1540,1250,lr=0.1,nesterov,N/A,N/A
hailfinder_2000,N/A,1,0.145_probability__max_Dewpoints0,	1540,1250,lr=0.1,nesterov,N/A,N/A
hailfinder_2000,N/A,1,0.145_probability__max_Dewpoints0,	1540,1250,lr=0.1,nesterov,N/A,N/A
hailfinder_2000,N/A,1,0.145_probability__max_Dewpoints0,	1540,1250,lr=0.1,nesterov-sign,2550.769,0.145
hailfinder_2000,N/A,1,0.145_probability__max_Dewpoints0,	1540,1250,lr=0.1,nesterov-sign,2550.151,0.145
hailfinder_2000,N/A,1,0.145_probability__max_Dewpoints0,	1540,1250,lr=0.1,nesterov-sign,2572.404,0.145
hailfinder_2000,N/A,1,0.145_probability__max_Dewpoints0,	1540,1250,lr=0.1,nesterov-sign,2556.825,0.145
hailfinder_2000,N/A,1,0.145_probability__max_Dewpoints0,	1540,1250,lr=0.1,nesterov-sign,2557.139,0.145
nrp,K=16 ,2,0.001_probability__min_unfair,	787,96,lr=0.1,adam,0.444,0.0
nrp,K=16 ,2,0.001_probability__min_unfair,	787,96,lr=0.1,adam,0.354,0.0
nrp,K=16 ,2,0.001_probability__min_unfair,	787,96,lr=0.1,adam,0.442,0.0
nrp,K=16 ,2,0.001_probability__min_unfair,	787,96,lr=0.1,adam,0.441,0.0
nrp,K=16 ,2,0.001_probability__min_unfair,	787,96,lr=0.1,adam,0.438,0.0
nrp,K=16 ,2,0.001_probability__min_unfair,	787,96,lr=0.1,radam,N/A,N/A
nrp,K=16 ,2,0.001_probability__min_unfair,	787,96,lr=0.1,radam,N/A,N/A
nrp,K=16 ,2,0.001_probability__min_unfair,	787,96,lr=0.1,radam,N/A,N/A
nrp,K=16 ,2,0.001_probability__min_unfair,	787,96,lr=0.1,radam,N/A,N/A
nrp,K=16 ,2,0.001_probability__min_unfair,	787,96,lr=0.1,radam,N/A,N/A
nrp,K=16 ,2,0.001_probability__min_unfair,	787,96,lr=0.1,rmsprop,3.373,0.0
nrp,K=16 ,2,0.001_probability__min_unfair,	787,96,lr=0.1,rmsprop,6.999,0.0001
nrp,K=16 ,2,0.001_probability__min_unfair,	787,96,lr=0.1,rmsprop,5.228,0.0004
nrp,K=16 ,2,0.001_probability__min_unfair,	787,96,lr=0.1,rmsprop,9.332,0.0
nrp,K=16 ,2,0.001_probability__min_unfair,	787,96,lr=0.1,rmsprop,5.482,0.0002
nrp,K=16 ,2,0.001_probability__min_unfair,	787,96,lr=0.1,plain,N/A,N/A
nrp,K=16 ,2,0.001_probability__min_unfair,	787,96,lr=0.1,plain,N/A,N/A
nrp,K=16 ,2,0.001_probability__min_unfair,	787,96,lr=0.1,plain,N/A,N/A
nrp,K=16 ,2,0.001_probability__min_unfair,	787,96,lr=0.1,plain,N/A,N/A
nrp,K=16 ,2,0.001_probability__min_unfair,	787,96,lr=0.1,plain,N/A,N/A
nrp,K=16 ,2,0.001_probability__min_unfair,	787,96,lr=0.1,plain-sign,0.159,0.0
nrp,K=16 ,2,0.001_probability__min_unfair,	787,96,lr=0.1,plain-sign,0.155,0.0
nrp,K=16 ,2,0.001_probability__min_unfair,	787,96,lr=0.1,plain-sign,0.153,0.0
nrp,K=16 ,2,0.001_probability__min_unfair,	787,96,lr=0.1,plain-sign,0.15,0.0
nrp,K=16 ,2,0.001_probability__min_unfair,	787,96,lr=0.1,plain-sign,0.149,0.0
nrp,K=16 ,2,0.001_probability__min_unfair,	787,96,lr=0.1,momentum,N/A,N/A
nrp,K=16 ,2,0.001_probability__min_unfair,	787,96,lr=0.1,momentum,N/A,N/A
nrp,K=16 ,2,0.001_probability__min_unfair,	787,96,lr=0.1,momentum,N/A,N/A
nrp,K=16 ,2,0.001_probability__min_unfair,	787,96,lr=0.1,momentum,2207.782,0.0009
nrp,K=16 ,2,0.001_probability__min_unfair,	787,96,lr=0.1,momentum,N/A,N/A
nrp,K=16 ,2,0.001_probability__min_unfair,	787,96,lr=0.1,momentum-sign,0.098,0.0
nrp,K=16 ,2,0.001_probability__min_unfair,	787,96,lr=0.1,momentum-sign,0.093,0.0
nrp,K=16 ,2,0.001_probability__min_unfair,	787,96,lr=0.1,momentum-sign,0.097,0.0
nrp,K=16 ,2,0.001_probability__min_unfair,	787,96,lr=0.1,momentum-sign,0.098,0.0
nrp,K=16 ,2,0.001_probability__min_unfair,	787,96,lr=0.1,momentum-sign,0.112,0.0
nrp,K=16 ,2,0.001_probability__min_unfair,	787,96,lr=0.1,nesterov,4615.408,0.001
nrp,K=16 ,2,0.001_probability__min_unfair,	787,96,lr=0.1,nesterov,N/A,N/A
nrp,K=16 ,2,0.001_probability__min_unfair,	787,96,lr=0.1,nesterov,N/A,N/A
nrp,K=16 ,2,0.001_probability__min_unfair,	787,96,lr=0.1,nesterov,N/A,N/A
nrp,K=16 ,2,0.001_probability__min_unfair,	787,96,lr=0.1,nesterov,N/A,N/A
nrp,K=16 ,2,0.001_probability__min_unfair,	787,96,lr=0.1,nesterov-sign,0.105,0.0
nrp,K=16 ,2,0.001_probability__min_unfair,	787,96,lr=0.1,nesterov-sign,0.106,0.0
nrp,K=16 ,2,0.001_probability__min_unfair,	787,96,lr=0.1,nesterov-sign,0.106,0.0
nrp,K=16 ,2,0.001_probability__min_unfair,	787,96,lr=0.1,nesterov-sign,0.111,0.0
nrp,K=16 ,2,0.001_probability__min_unfair,	787,96,lr=0.1,nesterov-sign,0.112,0.0
nrp,K=16 ,5,0.001_probability__min_unfair,	5806,705,lr=0.1,adam,36.648,0.001
nrp,K=16 ,5,0.001_probability__min_unfair,	5806,705,lr=0.1,adam,30.245,0.0009
nrp,K=16 ,5,0.001_probability__min_unfair,	5806,705,lr=0.1,adam,58.133,0.0009
nrp,K=16 ,5,0.001_probability__min_unfair,	5806,705,lr=0.1,adam,38.486,0.0006
nrp,K=16 ,5,0.001_probability__min_unfair,	5806,705,lr=0.1,adam,29.703,0.0007
nrp,K=16 ,5,0.001_probability__min_unfair,	5806,705,lr=0.1,radam,N/A,N/A
nrp,K=16 ,5,0.001_probability__min_unfair,	5806,705,lr=0.1,radam,N/A,N/A
nrp,K=16 ,5,0.001_probability__min_unfair,	5806,705,lr=0.1,radam,N/A,N/A
nrp,K=16 ,5,0.001_probability__min_unfair,	5806,705,lr=0.1,radam,63.939,0.0003
nrp,K=16 ,5,0.001_probability__min_unfair,	5806,705,lr=0.1,radam,N/A,N/A
nrp,K=16 ,5,0.001_probability__min_unfair,	5806,705,lr=0.1,rmsprop,N/A,N/A
nrp,K=16 ,5,0.001_probability__min_unfair,	5806,705,lr=0.1,rmsprop,N/A,N/A
nrp,K=16 ,5,0.001_probability__min_unfair,	5806,705,lr=0.1,rmsprop,N/A,N/A
nrp,K=16 ,5,0.001_probability__min_unfair,	5806,705,lr=0.1,rmsprop,953.708,0.001
nrp,K=16 ,5,0.001_probability__min_unfair,	5806,705,lr=0.1,rmsprop,N/A,N/A
nrp,K=16 ,5,0.001_probability__min_unfair,	5806,705,lr=0.1,plain,N/A,N/A
nrp,K=16 ,5,0.001_probability__min_unfair,	5806,705,lr=0.1,plain,N/A,N/A
nrp,K=16 ,5,0.001_probability__min_unfair,	5806,705,lr=0.1,plain,N/A,N/A
nrp,K=16 ,5,0.001_probability__min_unfair,	5806,705,lr=0.1,plain,N/A,N/A
nrp,K=16 ,5,0.001_probability__min_unfair,	5806,705,lr=0.1,plain,N/A,N/A
nrp,K=16 ,5,0.001_probability__min_unfair,	5806,705,lr=0.1,plain-sign,42.262,0.0009
nrp,K=16 ,5,0.001_probability__min_unfair,	5806,705,lr=0.1,plain-sign,23.404,0.001
nrp,K=16 ,5,0.001_probability__min_unfair,	5806,705,lr=0.1,plain-sign,30.268,0.0003
nrp,K=16 ,5,0.001_probability__min_unfair,	5806,705,lr=0.1,plain-sign,26.905,0.0002
nrp,K=16 ,5,0.001_probability__min_unfair,	5806,705,lr=0.1,plain-sign,23.232,0.0006
nrp,K=16 ,5,0.001_probability__min_unfair,	5806,705,lr=0.1,momentum,N/A,N/A
nrp,K=16 ,5,0.001_probability__min_unfair,	5806,705,lr=0.1,momentum,N/A,N/A
nrp,K=16 ,5,0.001_probability__min_unfair,	5806,705,lr=0.1,momentum,N/A,N/A
nrp,K=16 ,5,0.001_probability__min_unfair,	5806,705,lr=0.1,momentum,N/A,N/A
nrp,K=16 ,5,0.001_probability__min_unfair,	5806,705,lr=0.1,momentum,N/A,N/A
nrp,K=16 ,5,0.001_probability__min_unfair,	5806,705,lr=0.1,momentum-sign,14.512,0.0009
nrp,K=16 ,5,0.001_probability__min_unfair,	5806,705,lr=0.1,momentum-sign,26.309,0.0008
nrp,K=16 ,5,0.001_probability__min_unfair,	5806,705,lr=0.1,momentum-sign,28.807,0.0007
nrp,K=16 ,5,0.001_probability__min_unfair,	5806,705,lr=0.1,momentum-sign,27.738,0.0
nrp,K=16 ,5,0.001_probability__min_unfair,	5806,705,lr=0.1,momentum-sign,29.599,0.0005
nrp,K=16 ,5,0.001_probability__min_unfair,	5806,705,lr=0.1,nesterov,N/A,N/A
nrp,K=16 ,5,0.001_probability__min_unfair,	5806,705,lr=0.1,nesterov,N/A,N/A
nrp,K=16 ,5,0.001_probability__min_unfair,	5806,705,lr=0.1,nesterov,N/A,N/A
nrp,K=16 ,5,0.001_probability__min_unfair,	5806,705,lr=0.1,nesterov,N/A,N/A
nrp,K=16 ,5,0.001_probability__min_unfair,	5806,705,lr=0.1,nesterov,N/A,N/A
nrp,K=16 ,5,0.001_probability__min_unfair,	5806,705,lr=0.1,nesterov-sign,28.421,0.0006
nrp,K=16 ,5,0.001_probability__min_unfair,	5806,705,lr=0.1,nesterov-sign,19.989,0.0007
nrp,K=16 ,5,0.001_probability__min_unfair,	5806,705,lr=0.1,nesterov-sign,42.297,0.0
nrp,K=16 ,5,0.001_probability__min_unfair,	5806,705,lr=0.1,nesterov-sign,31.635,0.0005
nrp,K=16 ,5,0.001_probability__min_unfair,	5806,705,lr=0.1,nesterov-sign,29.188,0.0009
network2_packets_sent,K=8 T=5 ,1,0.1_reward__min_goal,	397,141,lr=0.1,adam,1.649,0.0789
network2_packets_sent,K=8 T=5 ,1,0.1_reward__min_goal,	397,141,lr=0.1,adam,1.912,0.0789
network2_packets_sent,K=8 T=5 ,1,0.1_reward__min_goal,	397,141,lr=0.1,adam,1.892,0.0789
network2_packets_sent,K=8 T=5 ,1,0.1_reward__min_goal,	397,141,lr=0.1,adam,1.892,0.0789
network2_packets_sent,K=8 T=5 ,1,0.1_reward__min_goal,	397,141,lr=0.1,adam,1.539,0.0789
network2_packets_sent,K=8 T=5 ,1,0.1_reward__min_goal,	397,141,lr=0.1,radam,8.256,0.0831
network2_packets_sent,K=8 T=5 ,1,0.1_reward__min_goal,	397,141,lr=0.1,radam,8.253,0.0831
network2_packets_sent,K=8 T=5 ,1,0.1_reward__min_goal,	397,141,lr=0.1,radam,8.271,0.0831
network2_packets_sent,K=8 T=5 ,1,0.1_reward__min_goal,	397,141,lr=0.1,radam,6.901,0.0831
network2_packets_sent,K=8 T=5 ,1,0.1_reward__min_goal,	397,141,lr=0.1,radam,8.225,0.0831
network2_packets_sent,K=8 T=5 ,1,0.1_reward__min_goal,	397,141,lr=0.1,rmsprop,0.56,0.0919
network2_packets_sent,K=8 T=5 ,1,0.1_reward__min_goal,	397,141,lr=0.1,rmsprop,0.561,0.0919
network2_packets_sent,K=8 T=5 ,1,0.1_reward__min_goal,	397,141,lr=0.1,rmsprop,0.578,0.0919
network2_packets_sent,K=8 T=5 ,1,0.1_reward__min_goal,	397,141,lr=0.1,rmsprop,0.577,0.0919
network2_packets_sent,K=8 T=5 ,1,0.1_reward__min_goal,	397,141,lr=0.1,rmsprop,0.57,0.0919
network2_packets_sent,K=8 T=5 ,1,0.1_reward__min_goal,	397,141,lr=0.1,plain,6.058,0.0874
network2_packets_sent,K=8 T=5 ,1,0.1_reward__min_goal,	397,141,lr=0.1,plain,4.952,0.0874
network2_packets_sent,K=8 T=5 ,1,0.1_reward__min_goal,	397,141,lr=0.1,plain,5.896,0.0874
network2_packets_sent,K=8 T=5 ,1,0.1_reward__min_goal,	397,141,lr=0.1,plain,5.903,0.0874
network2_packets_sent,K=8 T=5 ,1,0.1_reward__min_goal,	397,141,lr=0.1,plain,5.893,0.0874
network2_packets_sent,K=8 T=5 ,1,0.1_reward__min_goal,	397,141,lr=0.1,plain-sign,1.488,0.05
network2_packets_sent,K=8 T=5 ,1,0.1_reward__min_goal,	397,141,lr=0.1,plain-sign,1.482,0.05
network2_packets_sent,K=8 T=5 ,1,0.1_reward__min_goal,	397,141,lr=0.1,plain-sign,1.45,0.05
network2_packets_sent,K=8 T=5 ,1,0.1_reward__min_goal,	397,141,lr=0.1,plain-sign,1.494,0.05
network2_packets_sent,K=8 T=5 ,1,0.1_reward__min_goal,	397,141,lr=0.1,plain-sign,1.141,0.05
network2_packets_sent,K=8 T=5 ,1,0.1_reward__min_goal,	397,141,lr=0.1,momentum,2.467,0.0096
network2_packets_sent,K=8 T=5 ,1,0.1_reward__min_goal,	397,141,lr=0.1,momentum,2.459,0.0096
network2_packets_sent,K=8 T=5 ,1,0.1_reward__min_goal,	397,141,lr=0.1,momentum,2.462,0.0096
network2_packets_sent,K=8 T=5 ,1,0.1_reward__min_goal,	397,141,lr=0.1,momentum,2.588,0.0096
network2_packets_sent,K=8 T=5 ,1,0.1_reward__min_goal,	397,141,lr=0.1,momentum,2.59,0.0096
network2_packets_sent,K=8 T=5 ,1,0.1_reward__min_goal,	397,141,lr=0.1,momentum-sign,0.954,0.0
network2_packets_sent,K=8 T=5 ,1,0.1_reward__min_goal,	397,141,lr=0.1,momentum-sign,0.947,0.0
network2_packets_sent,K=8 T=5 ,1,0.1_reward__min_goal,	397,141,lr=0.1,momentum-sign,0.777,0.0
network2_packets_sent,K=8 T=5 ,1,0.1_reward__min_goal,	397,141,lr=0.1,momentum-sign,0.767,0.0
network2_packets_sent,K=8 T=5 ,1,0.1_reward__min_goal,	397,141,lr=0.1,momentum-sign,0.895,0.0
network2_packets_sent,K=8 T=5 ,1,0.1_reward__min_goal,	397,141,lr=0.1,nesterov,2.581,0.0
network2_packets_sent,K=8 T=5 ,1,0.1_reward__min_goal,	397,141,lr=0.1,nesterov,2.578,0.0
network2_packets_sent,K=8 T=5 ,1,0.1_reward__min_goal,	397,141,lr=0.1,nesterov,2.761,0.0
network2_packets_sent,K=8 T=5 ,1,0.1_reward__min_goal,	397,141,lr=0.1,nesterov,2.753,0.0
network2_packets_sent,K=8 T=5 ,1,0.1_reward__min_goal,	397,141,lr=0.1,nesterov,2.774,0.0
network2_packets_sent,K=8 T=5 ,1,0.1_reward__min_goal,	397,141,lr=0.1,nesterov-sign,1.025,0.0
network2_packets_sent,K=8 T=5 ,1,0.1_reward__min_goal,	397,141,lr=0.1,nesterov-sign,0.801,0.0
network2_packets_sent,K=8 T=5 ,1,0.1_reward__min_goal,	397,141,lr=0.1,nesterov-sign,0.787,0.0
network2_packets_sent,K=8 T=5 ,1,0.1_reward__min_goal,	397,141,lr=0.1,nesterov-sign,0.791,0.0
network2_packets_sent,K=8 T=5 ,1,0.1_reward__min_goal,	397,141,lr=0.1,nesterov-sign,0.971,0.0
network2_priorities_dropped_packets,K=8 T=5 ,1,3.5_reward__min_goal,	2822,889,lr=0.1,adam,244.156,3.499
network2_priorities_dropped_packets,K=8 T=5 ,1,3.5_reward__min_goal,	2822,889,lr=0.1,adam,243.854,3.499
network2_priorities_dropped_packets,K=8 T=5 ,1,3.5_reward__min_goal,	2822,889,lr=0.1,adam,261.462,3.499
network2_priorities_dropped_packets,K=8 T=5 ,1,3.5_reward__min_goal,	2822,889,lr=0.1,adam,261.516,3.499
network2_priorities_dropped_packets,K=8 T=5 ,1,3.5_reward__min_goal,	2822,889,lr=0.1,adam,261.641,3.499
network2_priorities_dropped_packets,K=8 T=5 ,1,3.5_reward__min_goal,	2822,889,lr=0.1,radam,601.97,3.4985
network2_priorities_dropped_packets,K=8 T=5 ,1,3.5_reward__min_goal,	2822,889,lr=0.1,radam,457.393,3.4985
network2_priorities_dropped_packets,K=8 T=5 ,1,3.5_reward__min_goal,	2822,889,lr=0.1,radam,470.536,3.4985
network2_priorities_dropped_packets,K=8 T=5 ,1,3.5_reward__min_goal,	2822,889,lr=0.1,radam,453.94,3.4985
network2_priorities_dropped_packets,K=8 T=5 ,1,3.5_reward__min_goal,	2822,889,lr=0.1,radam,459.533,3.4985
network2_priorities_dropped_packets,K=8 T=5 ,1,3.5_reward__min_goal,	2822,889,lr=0.1,rmsprop,96.795,3.498
network2_priorities_dropped_packets,K=8 T=5 ,1,3.5_reward__min_goal,	2822,889,lr=0.1,rmsprop,118.292,3.498
network2_priorities_dropped_packets,K=8 T=5 ,1,3.5_reward__min_goal,	2822,889,lr=0.1,rmsprop,95.938,3.498
network2_priorities_dropped_packets,K=8 T=5 ,1,3.5_reward__min_goal,	2822,889,lr=0.1,rmsprop,95.967,3.498
network2_priorities_dropped_packets,K=8 T=5 ,1,3.5_reward__min_goal,	2822,889,lr=0.1,rmsprop,97.083,3.498
network2_priorities_dropped_packets,K=8 T=5 ,1,3.5_reward__min_goal,	2822,889,lr=0.1,plain,N/A,N/A
network2_priorities_dropped_packets,K=8 T=5 ,1,3.5_reward__min_goal,	2822,889,lr=0.1,plain,N/A,N/A
network2_priorities_dropped_packets,K=8 T=5 ,1,3.5_reward__min_goal,	2822,889,lr=0.1,plain,N/A,N/A
network2_priorities_dropped_packets,K=8 T=5 ,1,3.5_reward__min_goal,	2822,889,lr=0.1,plain,N/A,N/A
network2_priorities_dropped_packets,K=8 T=5 ,1,3.5_reward__min_goal,	2822,889,lr=0.1,plain,N/A,N/A
network2_priorities_dropped_packets,K=8 T=5 ,1,3.5_reward__min_goal,	2822,889,lr=0.1,plain-sign,231.673,3.4896
network2_priorities_dropped_packets,K=8 T=5 ,1,3.5_reward__min_goal,	2822,889,lr=0.1,plain-sign,231.024,3.4896
network2_priorities_dropped_packets,K=8 T=5 ,1,3.5_reward__min_goal,	2822,889,lr=0.1,plain-sign,208.955,3.4896
network2_priorities_dropped_packets,K=8 T=5 ,1,3.5_reward__min_goal,	2822,889,lr=0.1,plain-sign,208.329,3.4896
network2_priorities_dropped_packets,K=8 T=5 ,1,3.5_reward__min_goal,	2822,889,lr=0.1,plain-sign,208.466,3.4896
network2_priorities_dropped_packets,K=8 T=5 ,1,3.5_reward__min_goal,	2822,889,lr=0.1,momentum,3495.971,3.4997
network2_priorities_dropped_packets,K=8 T=5 ,1,3.5_reward__min_goal,	2822,889,lr=0.1,momentum,3524.738,3.4997
network2_priorities_dropped_packets,K=8 T=5 ,1,3.5_reward__min_goal,	2822,889,lr=0.1,momentum,4197.205,3.4997
network2_priorities_dropped_packets,K=8 T=5 ,1,3.5_reward__min_goal,	2822,889,lr=0.1,momentum,4178.573,3.4997
network2_priorities_dropped_packets,K=8 T=5 ,1,3.5_reward__min_goal,	2822,889,lr=0.1,momentum,4188.434,3.4997
network2_priorities_dropped_packets,K=8 T=5 ,1,3.5_reward__min_goal,	2822,889,lr=0.1,momentum-sign,119.229,3.4863
network2_priorities_dropped_packets,K=8 T=5 ,1,3.5_reward__min_goal,	2822,889,lr=0.1,momentum-sign,119.152,3.4863
network2_priorities_dropped_packets,K=8 T=5 ,1,3.5_reward__min_goal,	2822,889,lr=0.1,momentum-sign,119.32,3.4863
network2_priorities_dropped_packets,K=8 T=5 ,1,3.5_reward__min_goal,	2822,889,lr=0.1,momentum-sign,117.995,3.4863
network2_priorities_dropped_packets,K=8 T=5 ,1,3.5_reward__min_goal,	2822,889,lr=0.1,momentum-sign,117.954,3.4863
network2_priorities_dropped_packets,K=8 T=5 ,1,3.5_reward__min_goal,	2822,889,lr=0.1,nesterov,3643.137,3.4997
network2_priorities_dropped_packets,K=8 T=5 ,1,3.5_reward__min_goal,	2822,889,lr=0.1,nesterov,3675.025,3.4997
network2_priorities_dropped_packets,K=8 T=5 ,1,3.5_reward__min_goal,	2822,889,lr=0.1,nesterov,3598.797,3.4997
network2_priorities_dropped_packets,K=8 T=5 ,1,3.5_reward__min_goal,	2822,889,lr=0.1,nesterov,4621.302,3.4997
network2_priorities_dropped_packets,K=8 T=5 ,1,3.5_reward__min_goal,	2822,889,lr=0.1,nesterov,4626.514,3.4997
network2_priorities_dropped_packets,K=8 T=5 ,1,3.5_reward__min_goal,	2822,889,lr=0.1,nesterov-sign,125.574,3.4833
network2_priorities_dropped_packets,K=8 T=5 ,1,3.5_reward__min_goal,	2822,889,lr=0.1,nesterov-sign,125.461,3.4833
network2_priorities_dropped_packets,K=8 T=5 ,1,3.5_reward__min_goal,	2822,889,lr=0.1,nesterov-sign,125.421,3.4833
network2_priorities_dropped_packets,K=8 T=5 ,1,3.5_reward__min_goal,	2822,889,lr=0.1,nesterov-sign,107.457,3.4833
network2_priorities_dropped_packets,K=8 T=5 ,1,3.5_reward__min_goal,	2822,889,lr=0.1,nesterov-sign,139.606,3.4833
drone,N=5 R=1 ,1,"0.85_probability__max_""notbad"" U ""goal""",	3678,757,lr=0.1,adam,48.91,0.8505
drone,N=5 R=1 ,1,"0.85_probability__max_""notbad"" U ""goal""",	3678,757,lr=0.1,adam,48.175,0.8505
drone,N=5 R=1 ,1,"0.85_probability__max_""notbad"" U ""goal""",	3678,757,lr=0.1,adam,48.18,0.8505
drone,N=5 R=1 ,1,"0.85_probability__max_""notbad"" U ""goal""",	3678,757,lr=0.1,adam,47.66,0.8505
drone,N=5 R=1 ,1,"0.85_probability__max_""notbad"" U ""goal""",	3678,757,lr=0.1,adam,47.244,0.8505
drone,N=5 R=1 ,1,"0.85_probability__max_""notbad"" U ""goal""",	3678,757,lr=0.1,radam,106.878,0.8502
drone,N=5 R=1 ,1,"0.85_probability__max_""notbad"" U ""goal""",	3678,757,lr=0.1,radam,92.626,0.8502
drone,N=5 R=1 ,1,"0.85_probability__max_""notbad"" U ""goal""",	3678,757,lr=0.1,radam,110.531,0.8502
drone,N=5 R=1 ,1,"0.85_probability__max_""notbad"" U ""goal""",	3678,757,lr=0.1,radam,110.766,0.8502
drone,N=5 R=1 ,1,"0.85_probability__max_""notbad"" U ""goal""",	3678,757,lr=0.1,radam,110.52,0.8502
drone,N=5 R=1 ,1,"0.85_probability__max_""notbad"" U ""goal""",	3678,757,lr=0.1,rmsprop,31.456,0.8501
drone,N=5 R=1 ,1,"0.85_probability__max_""notbad"" U ""goal""",	3678,757,lr=0.1,rmsprop,30.762,0.8501
drone,N=5 R=1 ,1,"0.85_probability__max_""notbad"" U ""goal""",	3678,757,lr=0.1,rmsprop,32.9,0.8501
drone,N=5 R=1 ,1,"0.85_probability__max_""notbad"" U ""goal""",	3678,757,lr=0.1,rmsprop,31.534,0.8501
drone,N=5 R=1 ,1,"0.85_probability__max_""notbad"" U ""goal""",	3678,757,lr=0.1,rmsprop,30.693,0.8501
drone,N=5 R=1 ,1,"0.85_probability__max_""notbad"" U ""goal""",	3678,757,lr=0.1,plain,N/A,N/A
drone,N=5 R=1 ,1,"0.85_probability__max_""notbad"" U ""goal""",	3678,757,lr=0.1,plain,N/A,N/A
drone,N=5 R=1 ,1,"0.85_probability__max_""notbad"" U ""goal""",	3678,757,lr=0.1,plain,N/A,N/A
drone,N=5 R=1 ,1,"0.85_probability__max_""notbad"" U ""goal""",	3678,757,lr=0.1,plain,N/A,N/A
drone,N=5 R=1 ,1,"0.85_probability__max_""notbad"" U ""goal""",	3678,757,lr=0.1,plain,N/A,N/A
drone,N=5 R=1 ,1,"0.85_probability__max_""notbad"" U ""goal""",	3678,757,lr=0.1,plain-sign,39.435,0.8514
drone,N=5 R=1 ,1,"0.85_probability__max_""notbad"" U ""goal""",	3678,757,lr=0.1,plain-sign,39.522,0.8514
drone,N=5 R=1 ,1,"0.85_probability__max_""notbad"" U ""goal""",	3678,757,lr=0.1,plain-sign,38.552,0.8514
drone,N=5 R=1 ,1,"0.85_probability__max_""notbad"" U ""goal""",	3678,757,lr=0.1,plain-sign,32.517,0.8514
drone,N=5 R=1 ,1,"0.85_probability__max_""notbad"" U ""goal""",	3678,757,lr=0.1,plain-sign,32.558,0.8514
drone,N=5 R=1 ,1,"0.85_probability__max_""notbad"" U ""goal""",	3678,757,lr=0.1,momentum,2506.91,0.85
drone,N=5 R=1 ,1,"0.85_probability__max_""notbad"" U ""goal""",	3678,757,lr=0.1,momentum,2508.333,0.85
drone,N=5 R=1 ,1,"0.85_probability__max_""notbad"" U ""goal""",	3678,757,lr=0.1,momentum,2437.092,0.85
drone,N=5 R=1 ,1,"0.85_probability__max_""notbad"" U ""goal""",	3678,757,lr=0.1,momentum,2058.957,0.85
drone,N=5 R=1 ,1,"0.85_probability__max_""notbad"" U ""goal""",	3678,757,lr=0.1,momentum,2062.088,0.85
drone,N=5 R=1 ,1,"0.85_probability__max_""notbad"" U ""goal""",	3678,757,lr=0.1,momentum-sign,29.182,0.8502
drone,N=5 R=1 ,1,"0.85_probability__max_""notbad"" U ""goal""",	3678,757,lr=0.1,momentum-sign,37.49,0.8502
drone,N=5 R=1 ,1,"0.85_probability__max_""notbad"" U ""goal""",	3678,757,lr=0.1,momentum-sign,28.731,0.8502
drone,N=5 R=1 ,1,"0.85_probability__max_""notbad"" U ""goal""",	3678,757,lr=0.1,momentum-sign,38.015,0.8502
drone,N=5 R=1 ,1,"0.85_probability__max_""notbad"" U ""goal""",	3678,757,lr=0.1,momentum-sign,28.731,0.8502
drone,N=5 R=1 ,1,"0.85_probability__max_""notbad"" U ""goal""",	3678,757,lr=0.1,nesterov,2643.096,0.85
drone,N=5 R=1 ,1,"0.85_probability__max_""notbad"" U ""goal""",	3678,757,lr=0.1,nesterov,2156.269,0.85
drone,N=5 R=1 ,1,"0.85_probability__max_""notbad"" U ""goal""",	3678,757,lr=0.1,nesterov,2626.449,0.85
drone,N=5 R=1 ,1,"0.85_probability__max_""notbad"" U ""goal""",	3678,757,lr=0.1,nesterov,2619.366,0.85
drone,N=5 R=1 ,1,"0.85_probability__max_""notbad"" U ""goal""",	3678,757,lr=0.1,nesterov,2637.664,0.85
drone,N=5 R=1 ,1,"0.85_probability__max_""notbad"" U ""goal""",	3678,757,lr=0.1,nesterov-sign,34.563,0.8501
drone,N=5 R=1 ,1,"0.85_probability__max_""notbad"" U ""goal""",	3678,757,lr=0.1,nesterov-sign,34.321,0.8501
drone,N=5 R=1 ,1,"0.85_probability__max_""notbad"" U ""goal""",	3678,757,lr=0.1,nesterov-sign,34.36,0.8501
drone,N=5 R=1 ,1,"0.85_probability__max_""notbad"" U ""goal""",	3678,757,lr=0.1,nesterov-sign,34.27,0.8501
drone,N=5 R=1 ,1,"0.85_probability__max_""notbad"" U ""goal""",	3678,757,lr=0.1,nesterov-sign,34.267,0.8501
drone,N=5 R=3 ,1,"0.85_probability__max_""notbad"" U ""goal""",	3678,2641,lr=0.1,adam,139.068,0.8512
drone,N=5 R=3 ,1,"0.85_probability__max_""notbad"" U ""goal""",	3678,2641,lr=0.1,adam,138.983,0.8512
drone,N=5 R=3 ,1,"0.85_probability__max_""notbad"" U ""goal""",	3678,2641,lr=0.1,adam,117.466,0.8512
drone,N=5 R=3 ,1,"0.85_probability__max_""notbad"" U ""goal""",	3678,2641,lr=0.1,adam,119.352,0.8512
drone,N=5 R=3 ,1,"0.85_probability__max_""notbad"" U ""goal""",	3678,2641,lr=0.1,adam,119.356,0.8512
drone,N=5 R=3 ,1,"0.85_probability__max_""notbad"" U ""goal""",	3678,2641,lr=0.1,radam,272.803,0.8544
drone,N=5 R=3 ,1,"0.85_probability__max_""notbad"" U ""goal""",	3678,2641,lr=0.1,radam,269.444,0.8544
drone,N=5 R=3 ,1,"0.85_probability__max_""notbad"" U ""goal""",	3678,2641,lr=0.1,radam,268.602,0.8544
drone,N=5 R=3 ,1,"0.85_probability__max_""notbad"" U ""goal""",	3678,2641,lr=0.1,radam,268.434,0.8544
drone,N=5 R=3 ,1,"0.85_probability__max_""notbad"" U ""goal""",	3678,2641,lr=0.1,radam,268.368,0.8544
drone,N=5 R=3 ,1,"0.85_probability__max_""notbad"" U ""goal""",	3678,2641,lr=0.1,rmsprop,128.029,0.8501
drone,N=5 R=3 ,1,"0.85_probability__max_""notbad"" U ""goal""",	3678,2641,lr=0.1,rmsprop,127.782,0.8501
drone,N=5 R=3 ,1,"0.85_probability__max_""notbad"" U ""goal""",	3678,2641,lr=0.1,rmsprop,106.124,0.8501
drone,N=5 R=3 ,1,"0.85_probability__max_""notbad"" U ""goal""",	3678,2641,lr=0.1,rmsprop,107.923,0.8501
drone,N=5 R=3 ,1,"0.85_probability__max_""notbad"" U ""goal""",	3678,2641,lr=0.1,rmsprop,108.031,0.8501
drone,N=5 R=3 ,1,"0.85_probability__max_""notbad"" U ""goal""",	3678,2641,lr=0.1,plain,N/A,N/A
drone,N=5 R=3 ,1,"0.85_probability__max_""notbad"" U ""goal""",	3678,2641,lr=0.1,plain,N/A,N/A
drone,N=5 R=3 ,1,"0.85_probability__max_""notbad"" U ""goal""",	3678,2641,lr=0.1,plain,N/A,N/A
drone,N=5 R=3 ,1,"0.85_probability__max_""notbad"" U ""goal""",	3678,2641,lr=0.1,plain,N/A,N/A
drone,N=5 R=3 ,1,"0.85_probability__max_""notbad"" U ""goal""",	3678,2641,lr=0.1,plain,N/A,N/A
drone,N=5 R=3 ,1,"0.85_probability__max_""notbad"" U ""goal""",	3678,2641,lr=0.1,plain-sign,145.35,0.8528
drone,N=5 R=3 ,1,"0.85_probability__max_""notbad"" U ""goal""",	3678,2641,lr=0.1,plain-sign,145.011,0.8528
drone,N=5 R=3 ,1,"0.85_probability__max_""notbad"" U ""goal""",	3678,2641,lr=0.1,plain-sign,125.072,0.8528
drone,N=5 R=3 ,1,"0.85_probability__max_""notbad"" U ""goal""",	3678,2641,lr=0.1,plain-sign,125.065,0.8528
drone,N=5 R=3 ,1,"0.85_probability__max_""notbad"" U ""goal""",	3678,2641,lr=0.1,plain-sign,126.217,0.8528
drone,N=5 R=3 ,1,"0.85_probability__max_""notbad"" U ""goal""",	3678,2641,lr=0.1,momentum,N/A,N/A
drone,N=5 R=3 ,1,"0.85_probability__max_""notbad"" U ""goal""",	3678,2641,lr=0.1,momentum,N/A,N/A
drone,N=5 R=3 ,1,"0.85_probability__max_""notbad"" U ""goal""",	3678,2641,lr=0.1,momentum,N/A,N/A
drone,N=5 R=3 ,1,"0.85_probability__max_""notbad"" U ""goal""",	3678,2641,lr=0.1,momentum,N/A,N/A
drone,N=5 R=3 ,1,"0.85_probability__max_""notbad"" U ""goal""",	3678,2641,lr=0.1,momentum,N/A,N/A
drone,N=5 R=3 ,1,"0.85_probability__max_""notbad"" U ""goal""",	3678,2641,lr=0.1,momentum-sign,93.923,0.8513
drone,N=5 R=3 ,1,"0.85_probability__max_""notbad"" U ""goal""",	3678,2641,lr=0.1,momentum-sign,110.83,0.8513
drone,N=5 R=3 ,1,"0.85_probability__max_""notbad"" U ""goal""",	3678,2641,lr=0.1,momentum-sign,111.676,0.8513
drone,N=5 R=3 ,1,"0.85_probability__max_""notbad"" U ""goal""",	3678,2641,lr=0.1,momentum-sign,110.28,0.8513
drone,N=5 R=3 ,1,"0.85_probability__max_""notbad"" U ""goal""",	3678,2641,lr=0.1,momentum-sign,110.055,0.8513
drone,N=5 R=3 ,1,"0.85_probability__max_""notbad"" U ""goal""",	3678,2641,lr=0.1,nesterov,N/A,N/A
drone,N=5 R=3 ,1,"0.85_probability__max_""notbad"" U ""goal""",	3678,2641,lr=0.1,nesterov,N/A,N/A
drone,N=5 R=3 ,1,"0.85_probability__max_""notbad"" U ""goal""",	3678,2641,lr=0.1,nesterov,N/A,N/A
drone,N=5 R=3 ,1,"0.85_probability__max_""notbad"" U ""goal""",	3678,2641,lr=0.1,nesterov,N/A,N/A
drone,N=5 R=3 ,1,"0.85_probability__max_""notbad"" U ""goal""",	3678,2641,lr=0.1,nesterov,N/A,N/A
drone,N=5 R=3 ,1,"0.85_probability__max_""notbad"" U ""goal""",	3678,2641,lr=0.1,nesterov-sign,98.461,0.852
drone,N=5 R=3 ,1,"0.85_probability__max_""notbad"" U ""goal""",	3678,2641,lr=0.1,nesterov-sign,98.408,0.852
drone,N=5 R=3 ,1,"0.85_probability__max_""notbad"" U ""goal""",	3678,2641,lr=0.1,nesterov-sign,114.236,0.852
drone,N=5 R=3 ,1,"0.85_probability__max_""notbad"" U ""goal""",	3678,2641,lr=0.1,nesterov-sign,113.816,0.852
drone,N=5 R=3 ,1,"0.85_probability__max_""notbad"" U ""goal""",	3678,2641,lr=0.1,nesterov-sign,109.683,0.852
4x4grid-avoid,N/A,5,0.9_probability__max_goal,	1216,100,lr=0.1,adam,0.723,0.9192
4x4grid-avoid,N/A,5,0.9_probability__max_goal,	1216,100,lr=0.1,adam,0.718,0.9192
4x4grid-avoid,N/A,5,0.9_probability__max_goal,	1216,100,lr=0.1,adam,0.576,0.9192
4x4grid-avoid,N/A,5,0.9_probability__max_goal,	1216,100,lr=0.1,adam,0.716,0.9192
4x4grid-avoid,N/A,5,0.9_probability__max_goal,	1216,100,lr=0.1,adam,0.717,0.9192
4x4grid-avoid,N/A,5,0.9_probability__max_goal,	1216,100,lr=0.1,radam,2.554,0.9047
4x4grid-avoid,N/A,5,0.9_probability__max_goal,	1216,100,lr=0.1,radam,2.546,0.9047
4x4grid-avoid,N/A,5,0.9_probability__max_goal,	1216,100,lr=0.1,radam,2.518,0.9047
4x4grid-avoid,N/A,5,0.9_probability__max_goal,	1216,100,lr=0.1,radam,2.548,0.9047
4x4grid-avoid,N/A,5,0.9_probability__max_goal,	1216,100,lr=0.1,radam,2.552,0.9047
4x4grid-avoid,N/A,5,0.9_probability__max_goal,	1216,100,lr=0.1,rmsprop,0.392,0.9095
4x4grid-avoid,N/A,5,0.9_probability__max_goal,	1216,100,lr=0.1,rmsprop,0.39,0.9095
4x4grid-avoid,N/A,5,0.9_probability__max_goal,	1216,100,lr=0.1,rmsprop,0.393,0.9095
4x4grid-avoid,N/A,5,0.9_probability__max_goal,	1216,100,lr=0.1,rmsprop,0.315,0.9095
4x4grid-avoid,N/A,5,0.9_probability__max_goal,	1216,100,lr=0.1,rmsprop,0.311,0.9095
4x4grid-avoid,N/A,5,0.9_probability__max_goal,	1216,100,lr=0.1,plain,5.218,0.9006
4x4grid-avoid,N/A,5,0.9_probability__max_goal,	1216,100,lr=0.1,plain,5.166,0.9006
4x4grid-avoid,N/A,5,0.9_probability__max_goal,	1216,100,lr=0.1,plain,5.188,0.9006
4x4grid-avoid,N/A,5,0.9_probability__max_goal,	1216,100,lr=0.1,plain,5.337,0.9006
4x4grid-avoid,N/A,5,0.9_probability__max_goal,	1216,100,lr=0.1,plain,5.304,0.9006
4x4grid-avoid,N/A,5,0.9_probability__max_goal,	1216,100,lr=0.1,plain-sign,0.44,0.9131
4x4grid-avoid,N/A,5,0.9_probability__max_goal,	1216,100,lr=0.1,plain-sign,0.439,0.9131
4x4grid-avoid,N/A,5,0.9_probability__max_goal,	1216,100,lr=0.1,plain-sign,0.44,0.9131
4x4grid-avoid,N/A,5,0.9_probability__max_goal,	1216,100,lr=0.1,plain-sign,0.44,0.9131
4x4grid-avoid,N/A,5,0.9_probability__max_goal,	1216,100,lr=0.1,plain-sign,0.442,0.9131
4x4grid-avoid,N/A,5,0.9_probability__max_goal,	1216,100,lr=0.1,momentum,1.393,0.9064
4x4grid-avoid,N/A,5,0.9_probability__max_goal,	1216,100,lr=0.1,momentum,1.392,0.9064
4x4grid-avoid,N/A,5,0.9_probability__max_goal,	1216,100,lr=0.1,momentum,1.355,0.9064
4x4grid-avoid,N/A,5,0.9_probability__max_goal,	1216,100,lr=0.1,momentum,1.391,0.9064
4x4grid-avoid,N/A,5,0.9_probability__max_goal,	1216,100,lr=0.1,momentum,1.369,0.9064
4x4grid-avoid,N/A,5,0.9_probability__max_goal,	1216,100,lr=0.1,momentum-sign,0.318,0.9279
4x4grid-avoid,N/A,5,0.9_probability__max_goal,	1216,100,lr=0.1,momentum-sign,0.314,0.9279
4x4grid-avoid,N/A,5,0.9_probability__max_goal,	1216,100,lr=0.1,momentum-sign,0.315,0.9279
4x4grid-avoid,N/A,5,0.9_probability__max_goal,	1216,100,lr=0.1,momentum-sign,0.316,0.9279
4x4grid-avoid,N/A,5,0.9_probability__max_goal,	1216,100,lr=0.1,momentum-sign,0.315,0.9279
4x4grid-avoid,N/A,5,0.9_probability__max_goal,	1216,100,lr=0.1,nesterov,1.443,0.9043
4x4grid-avoid,N/A,5,0.9_probability__max_goal,	1216,100,lr=0.1,nesterov,1.22,0.9043
4x4grid-avoid,N/A,5,0.9_probability__max_goal,	1216,100,lr=0.1,nesterov,1.189,0.9043
4x4grid-avoid,N/A,5,0.9_probability__max_goal,	1216,100,lr=0.1,nesterov,1.156,0.9043
4x4grid-avoid,N/A,5,0.9_probability__max_goal,	1216,100,lr=0.1,nesterov,1.157,0.9043
4x4grid-avoid,N/A,5,0.9_probability__max_goal,	1216,100,lr=0.1,nesterov-sign,0.288,0.9279
4x4grid-avoid,N/A,5,0.9_probability__max_goal,	1216,100,lr=0.1,nesterov-sign,0.314,0.9279
4x4grid-avoid,N/A,5,0.9_probability__max_goal,	1216,100,lr=0.1,nesterov-sign,0.291,0.9279
4x4grid-avoid,N/A,5,0.9_probability__max_goal,	1216,100,lr=0.1,nesterov-sign,0.289,0.9279
4x4grid-avoid,N/A,5,0.9_probability__max_goal,	1216,100,lr=0.1,nesterov-sign,0.362,0.9279
4x4grid-avoid,N/A,10,0.9_probability__max_goal,	4931,400,lr=0.1,adam,10.603,0.9103
4x4grid-avoid,N/A,10,0.9_probability__max_goal,	4931,400,lr=0.1,adam,10.5,0.9103
4x4grid-avoid,N/A,10,0.9_probability__max_goal,	4931,400,lr=0.1,adam,10.63,0.9103
4x4grid-avoid,N/A,10,0.9_probability__max_goal,	4931,400,lr=0.1,adam,10.62,0.9103
4x4grid-avoid,N/A,10,0.9_probability__max_goal,	4931,400,lr=0.1,adam,10.611,0.9103
4x4grid-avoid,N/A,10,0.9_probability__max_goal,	4931,400,lr=0.1,radam,25.82,0.9079
4x4grid-avoid,N/A,10,0.9_probability__max_goal,	4931,400,lr=0.1,radam,25.761,0.9079
4x4grid-avoid,N/A,10,0.9_probability__max_goal,	4931,400,lr=0.1,radam,26.694,0.9079
4x4grid-avoid,N/A,10,0.9_probability__max_goal,	4931,400,lr=0.1,radam,26.59,0.9079
4x4grid-avoid,N/A,10,0.9_probability__max_goal,	4931,400,lr=0.1,radam,26.669,0.9079
4x4grid-avoid,N/A,10,0.9_probability__max_goal,	4931,400,lr=0.1,rmsprop,6.079,0.9003
4x4grid-avoid,N/A,10,0.9_probability__max_goal,	4931,400,lr=0.1,rmsprop,6.055,0.9003
4x4grid-avoid,N/A,10,0.9_probability__max_goal,	4931,400,lr=0.1,rmsprop,5.756,0.9003
4x4grid-avoid,N/A,10,0.9_probability__max_goal,	4931,400,lr=0.1,rmsprop,5.743,0.9003
4x4grid-avoid,N/A,10,0.9_probability__max_goal,	4931,400,lr=0.1,rmsprop,5.802,0.9003
4x4grid-avoid,N/A,10,0.9_probability__max_goal,	4931,400,lr=0.1,plain,200.933,0.9002
4x4grid-avoid,N/A,10,0.9_probability__max_goal,	4931,400,lr=0.1,plain,200.666,0.9002
4x4grid-avoid,N/A,10,0.9_probability__max_goal,	4931,400,lr=0.1,plain,188.305,0.9002
4x4grid-avoid,N/A,10,0.9_probability__max_goal,	4931,400,lr=0.1,plain,188.329,0.9002
4x4grid-avoid,N/A,10,0.9_probability__max_goal,	4931,400,lr=0.1,plain,183.858,0.9002
4x4grid-avoid,N/A,10,0.9_probability__max_goal,	4931,400,lr=0.1,plain-sign,6.742,0.9129
4x4grid-avoid,N/A,10,0.9_probability__max_goal,	4931,400,lr=0.1,plain-sign,6.729,0.9129
4x4grid-avoid,N/A,10,0.9_probability__max_goal,	4931,400,lr=0.1,plain-sign,6.745,0.9129
4x4grid-avoid,N/A,10,0.9_probability__max_goal,	4931,400,lr=0.1,plain-sign,6.57,0.9129
4x4grid-avoid,N/A,10,0.9_probability__max_goal,	4931,400,lr=0.1,plain-sign,6.558,0.9129
4x4grid-avoid,N/A,10,0.9_probability__max_goal,	4931,400,lr=0.1,momentum,38.226,0.9005
4x4grid-avoid,N/A,10,0.9_probability__max_goal,	4931,400,lr=0.1,momentum,37.349,0.9005
4x4grid-avoid,N/A,10,0.9_probability__max_goal,	4931,400,lr=0.1,momentum,37.207,0.9005
4x4grid-avoid,N/A,10,0.9_probability__max_goal,	4931,400,lr=0.1,momentum,37.177,0.9005
4x4grid-avoid,N/A,10,0.9_probability__max_goal,	4931,400,lr=0.1,momentum,37.136,0.9005
4x4grid-avoid,N/A,10,0.9_probability__max_goal,	4931,400,lr=0.1,momentum-sign,5.855,0.9279
4x4grid-avoid,N/A,10,0.9_probability__max_goal,	4931,400,lr=0.1,momentum-sign,5.856,0.9279
4x4grid-avoid,N/A,10,0.9_probability__max_goal,	4931,400,lr=0.1,momentum-sign,5.836,0.9279
4x4grid-avoid,N/A,10,0.9_probability__max_goal,	4931,400,lr=0.1,momentum-sign,5.9,0.9279
4x4grid-avoid,N/A,10,0.9_probability__max_goal,	4931,400,lr=0.1,momentum-sign,5.873,0.9279
4x4grid-avoid,N/A,10,0.9_probability__max_goal,	4931,400,lr=0.1,nesterov,39.818,0.9039
4x4grid-avoid,N/A,10,0.9_probability__max_goal,	4931,400,lr=0.1,nesterov,39.874,0.9039
4x4grid-avoid,N/A,10,0.9_probability__max_goal,	4931,400,lr=0.1,nesterov,39.898,0.9039
4x4grid-avoid,N/A,10,0.9_probability__max_goal,	4931,400,lr=0.1,nesterov,38.549,0.9039
4x4grid-avoid,N/A,10,0.9_probability__max_goal,	4931,400,lr=0.1,nesterov,38.423,0.9039
4x4grid-avoid,N/A,10,0.9_probability__max_goal,	4931,400,lr=0.1,nesterov-sign,5.75,0.9279
4x4grid-avoid,N/A,10,0.9_probability__max_goal,	4931,400,lr=0.1,nesterov-sign,4.765,0.9279
4x4grid-avoid,N/A,10,0.9_probability__max_goal,	4931,400,lr=0.1,nesterov-sign,4.941,0.9279
4x4grid-avoid,N/A,10,0.9_probability__max_goal,	4931,400,lr=0.1,nesterov-sign,4.941,0.9279
4x4grid-avoid,N/A,10,0.9_probability__max_goal,	4931,400,lr=0.1,nesterov-sign,4.652,0.9279
4x4grid,N/A,5,4.2_reward__min_goal,	1410,100,lr=0.1,adam,0.801,4.1774
4x4grid,N/A,5,4.2_reward__min_goal,	1410,100,lr=0.1,adam,0.967,4.1774
4x4grid,N/A,5,4.2_reward__min_goal,	1410,100,lr=0.1,adam,0.964,4.1774
4x4grid,N/A,5,4.2_reward__min_goal,	1410,100,lr=0.1,adam,0.963,4.1774
4x4grid,N/A,5,4.2_reward__min_goal,	1410,100,lr=0.1,adam,0.961,4.1774
4x4grid,N/A,5,4.2_reward__min_goal,	1410,100,lr=0.1,radam,3.111,4.1993
4x4grid,N/A,5,4.2_reward__min_goal,	1410,100,lr=0.1,radam,4.323,4.1981
4x4grid,N/A,5,4.2_reward__min_goal,	1410,100,lr=0.1,radam,1.517,4.1796
4x4grid,N/A,5,4.2_reward__min_goal,	1410,100,lr=0.1,radam,2.725,4.1995
4x4grid,N/A,5,4.2_reward__min_goal,	1410,100,lr=0.1,radam,2.03,4.196
4x4grid,N/A,5,4.2_reward__min_goal,	1410,100,lr=0.1,rmsprop,0.65,4.1523
4x4grid,N/A,5,4.2_reward__min_goal,	1410,100,lr=0.1,rmsprop,0.651,4.1523
4x4grid,N/A,5,4.2_reward__min_goal,	1410,100,lr=0.1,rmsprop,0.651,4.1523
4x4grid,N/A,5,4.2_reward__min_goal,	1410,100,lr=0.1,rmsprop,0.652,4.1523
4x4grid,N/A,5,4.2_reward__min_goal,	1410,100,lr=0.1,rmsprop,0.654,4.1523
4x4grid,N/A,5,4.2_reward__min_goal,	1410,100,lr=0.1,plain,2.178,4.1924
4x4grid,N/A,5,4.2_reward__min_goal,	1410,100,lr=0.1,plain,0.816,4.1996
4x4grid,N/A,5,4.2_reward__min_goal,	1410,100,lr=0.1,plain,2.148,4.1937
4x4grid,N/A,5,4.2_reward__min_goal,	1410,100,lr=0.1,plain,0.725,4.1751
4x4grid,N/A,5,4.2_reward__min_goal,	1410,100,lr=0.1,plain,1.84,4.1997
4x4grid,N/A,5,4.2_reward__min_goal,	1410,100,lr=0.1,plain-sign,0.531,4.1333
4x4grid,N/A,5,4.2_reward__min_goal,	1410,100,lr=0.1,plain-sign,0.531,4.1333
4x4grid,N/A,5,4.2_reward__min_goal,	1410,100,lr=0.1,plain-sign,0.494,4.1333
4x4grid,N/A,5,4.2_reward__min_goal,	1410,100,lr=0.1,plain-sign,0.493,4.1333
4x4grid,N/A,5,4.2_reward__min_goal,	1410,100,lr=0.1,plain-sign,0.493,4.1333
4x4grid,N/A,5,4.2_reward__min_goal,	1410,100,lr=0.1,momentum,0.646,4.1875
4x4grid,N/A,5,4.2_reward__min_goal,	1410,100,lr=0.1,momentum,0.479,4.1708
4x4grid,N/A,5,4.2_reward__min_goal,	1410,100,lr=0.1,momentum,0.615,4.1993
4x4grid,N/A,5,4.2_reward__min_goal,	1410,100,lr=0.1,momentum,0.928,4.1901
4x4grid,N/A,5,4.2_reward__min_goal,	1410,100,lr=0.1,momentum,0.835,4.1918
4x4grid,N/A,5,4.2_reward__min_goal,	1410,100,lr=0.1,momentum-sign,0.417,4.1334
4x4grid,N/A,5,4.2_reward__min_goal,	1410,100,lr=0.1,momentum-sign,0.418,4.1334
4x4grid,N/A,5,4.2_reward__min_goal,	1410,100,lr=0.1,momentum-sign,0.418,4.1334
4x4grid,N/A,5,4.2_reward__min_goal,	1410,100,lr=0.1,momentum-sign,0.415,4.1334
4x4grid,N/A,5,4.2_reward__min_goal,	1410,100,lr=0.1,momentum-sign,0.416,4.1334
4x4grid,N/A,5,4.2_reward__min_goal,	1410,100,lr=0.1,nesterov,0.977,4.1798
4x4grid,N/A,5,4.2_reward__min_goal,	1410,100,lr=0.1,nesterov,0.58,4.198
4x4grid,N/A,5,4.2_reward__min_goal,	1410,100,lr=0.1,nesterov,1.041,4.1983
4x4grid,N/A,5,4.2_reward__min_goal,	1410,100,lr=0.1,nesterov,0.682,4.1991
4x4grid,N/A,5,4.2_reward__min_goal,	1410,100,lr=0.1,nesterov,0.952,4.1687
4x4grid,N/A,5,4.2_reward__min_goal,	1410,100,lr=0.1,nesterov-sign,0.514,4.1661
4x4grid,N/A,5,4.2_reward__min_goal,	1410,100,lr=0.1,nesterov-sign,0.513,4.1661
4x4grid,N/A,5,4.2_reward__min_goal,	1410,100,lr=0.1,nesterov-sign,0.416,4.1661
4x4grid,N/A,5,4.2_reward__min_goal,	1410,100,lr=0.1,nesterov-sign,0.419,4.1661
4x4grid,N/A,5,4.2_reward__min_goal,	1410,100,lr=0.1,nesterov-sign,0.418,4.1661
4x4grid,N/A,10,4.2_reward__min_goal,	5780,400,lr=0.1,adam,10.426,4.1793
4x4grid,N/A,10,4.2_reward__min_goal,	5780,400,lr=0.1,adam,10.928,4.1793
4x4grid,N/A,10,4.2_reward__min_goal,	5780,400,lr=0.1,adam,10.958,4.1793
4x4grid,N/A,10,4.2_reward__min_goal,	5780,400,lr=0.1,adam,10.973,4.1793
4x4grid,N/A,10,4.2_reward__min_goal,	5780,400,lr=0.1,adam,11.182,4.1793
4x4grid,N/A,10,4.2_reward__min_goal,	5780,400,lr=0.1,radam,19.057,4.1944
4x4grid,N/A,10,4.2_reward__min_goal,	5780,400,lr=0.1,radam,19.107,4.1944
4x4grid,N/A,10,4.2_reward__min_goal,	5780,400,lr=0.1,radam,19.116,4.1944
4x4grid,N/A,10,4.2_reward__min_goal,	5780,400,lr=0.1,radam,22.4,4.1944
4x4grid,N/A,10,4.2_reward__min_goal,	5780,400,lr=0.1,radam,21.558,4.1944
4x4grid,N/A,10,4.2_reward__min_goal,	5780,400,lr=0.1,rmsprop,9.644,4.1402
4x4grid,N/A,10,4.2_reward__min_goal,	5780,400,lr=0.1,rmsprop,9.651,4.1402
4x4grid,N/A,10,4.2_reward__min_goal,	5780,400,lr=0.1,rmsprop,9.559,4.1402
4x4grid,N/A,10,4.2_reward__min_goal,	5780,400,lr=0.1,rmsprop,9.648,4.1402
4x4grid,N/A,10,4.2_reward__min_goal,	5780,400,lr=0.1,rmsprop,9.62,4.1402
4x4grid,N/A,10,4.2_reward__min_goal,	5780,400,lr=0.1,plain,129.624,4.1998
4x4grid,N/A,10,4.2_reward__min_goal,	5780,400,lr=0.1,plain,151.42,4.1998
4x4grid,N/A,10,4.2_reward__min_goal,	5780,400,lr=0.1,plain,150.688,4.1998
4x4grid,N/A,10,4.2_reward__min_goal,	5780,400,lr=0.1,plain,151.18,4.1998
4x4grid,N/A,10,4.2_reward__min_goal,	5780,400,lr=0.1,plain,151.113,4.1998
4x4grid,N/A,10,4.2_reward__min_goal,	5780,400,lr=0.1,plain-sign,10.788,4.159
4x4grid,N/A,10,4.2_reward__min_goal,	5780,400,lr=0.1,plain-sign,10.583,4.159
4x4grid,N/A,10,4.2_reward__min_goal,	5780,400,lr=0.1,plain-sign,10.545,4.159
4x4grid,N/A,10,4.2_reward__min_goal,	5780,400,lr=0.1,plain-sign,10.574,4.159
4x4grid,N/A,10,4.2_reward__min_goal,	5780,400,lr=0.1,plain-sign,10.482,4.159
4x4grid,N/A,10,4.2_reward__min_goal,	5780,400,lr=0.1,momentum,34.34,4.1999
4x4grid,N/A,10,4.2_reward__min_goal,	5780,400,lr=0.1,momentum,34.286,4.1999
4x4grid,N/A,10,4.2_reward__min_goal,	5780,400,lr=0.1,momentum,31.565,4.1999
4x4grid,N/A,10,4.2_reward__min_goal,	5780,400,lr=0.1,momentum,30.577,4.1999
4x4grid,N/A,10,4.2_reward__min_goal,	5780,400,lr=0.1,momentum,30.714,4.1999
4x4grid,N/A,10,4.2_reward__min_goal,	5780,400,lr=0.1,momentum-sign,5.604,4.1882
4x4grid,N/A,10,4.2_reward__min_goal,	5780,400,lr=0.1,momentum-sign,5.573,4.1882
4x4grid,N/A,10,4.2_reward__min_goal,	5780,400,lr=0.1,momentum-sign,5.775,4.1882
4x4grid,N/A,10,4.2_reward__min_goal,	5780,400,lr=0.1,momentum-sign,5.777,4.1882
4x4grid,N/A,10,4.2_reward__min_goal,	5780,400,lr=0.1,momentum-sign,5.795,4.1882
4x4grid,N/A,10,4.2_reward__min_goal,	5780,400,lr=0.1,nesterov,35.01,4.1962
4x4grid,N/A,10,4.2_reward__min_goal,	5780,400,lr=0.1,nesterov,34.914,4.1962
4x4grid,N/A,10,4.2_reward__min_goal,	5780,400,lr=0.1,nesterov,34.956,4.1962
4x4grid,N/A,10,4.2_reward__min_goal,	5780,400,lr=0.1,nesterov,34.915,4.1962
4x4grid,N/A,10,4.2_reward__min_goal,	5780,400,lr=0.1,nesterov,40.011,4.1962
4x4grid,N/A,10,4.2_reward__min_goal,	5780,400,lr=0.1,nesterov-sign,6.704,4.1987
4x4grid,N/A,10,4.2_reward__min_goal,	5780,400,lr=0.1,nesterov-sign,6.761,4.1987
4x4grid,N/A,10,4.2_reward__min_goal,	5780,400,lr=0.1,nesterov-sign,6.655,4.1987
4x4grid,N/A,10,4.2_reward__min_goal,	5780,400,lr=0.1,nesterov-sign,6.739,4.1987
4x4grid,N/A,10,4.2_reward__min_goal,	5780,400,lr=0.1,nesterov-sign,6.68,4.1987
newgrid,N=8 ,10,"0.99_probability__max_""notbad"" U ""goal""",	30191,400,lr=0.1,adam,253.718,0.9925
newgrid,N=8 ,10,"0.99_probability__max_""notbad"" U ""goal""",	30191,400,lr=0.1,adam,247.084,0.9925
newgrid,N=8 ,10,"0.99_probability__max_""notbad"" U ""goal""",	30191,400,lr=0.1,adam,252.723,0.9925
newgrid,N=8 ,10,"0.99_probability__max_""notbad"" U ""goal""",	30191,400,lr=0.1,adam,252.164,0.9925
newgrid,N=8 ,10,"0.99_probability__max_""notbad"" U ""goal""",	30191,400,lr=0.1,adam,252.233,0.9925
newgrid,N=8 ,10,"0.99_probability__max_""notbad"" U ""goal""",	30191,400,lr=0.1,radam,1726.444,0.9903
newgrid,N=8 ,10,"0.99_probability__max_""notbad"" U ""goal""",	30191,400,lr=0.1,radam,1016.607,0.9908
newgrid,N=8 ,10,"0.99_probability__max_""notbad"" U ""goal""",	30191,400,lr=0.1,radam,3092.431,0.9906
newgrid,N=8 ,10,"0.99_probability__max_""notbad"" U ""goal""",	30191,400,lr=0.1,radam,1273.441,0.9903
newgrid,N=8 ,10,"0.99_probability__max_""notbad"" U ""goal""",	30191,400,lr=0.1,radam,1269.477,0.99
newgrid,N=8 ,10,"0.99_probability__max_""notbad"" U ""goal""",	30191,400,lr=0.1,rmsprop,N/A,N/A
newgrid,N=8 ,10,"0.99_probability__max_""notbad"" U ""goal""",	30191,400,lr=0.1,rmsprop,134.233,0.9923
newgrid,N=8 ,10,"0.99_probability__max_""notbad"" U ""goal""",	30191,400,lr=0.1,rmsprop,185.621,0.9934
newgrid,N=8 ,10,"0.99_probability__max_""notbad"" U ""goal""",	30191,400,lr=0.1,rmsprop,172.856,0.9901
newgrid,N=8 ,10,"0.99_probability__max_""notbad"" U ""goal""",	30191,400,lr=0.1,rmsprop,679.172,0.99
newgrid,N=8 ,10,"0.99_probability__max_""notbad"" U ""goal""",	30191,400,lr=0.1,plain,N/A,N/A
newgrid,N=8 ,10,"0.99_probability__max_""notbad"" U ""goal""",	30191,400,lr=0.1,plain,N/A,N/A
newgrid,N=8 ,10,"0.99_probability__max_""notbad"" U ""goal""",	30191,400,lr=0.1,plain,N/A,N/A
newgrid,N=8 ,10,"0.99_probability__max_""notbad"" U ""goal""",	30191,400,lr=0.1,plain,N/A,N/A
newgrid,N=8 ,10,"0.99_probability__max_""notbad"" U ""goal""",	30191,400,lr=0.1,plain,N/A,N/A
newgrid,N=8 ,10,"0.99_probability__max_""notbad"" U ""goal""",	30191,400,lr=0.1,plain-sign,135.421,0.9915
newgrid,N=8 ,10,"0.99_probability__max_""notbad"" U ""goal""",	30191,400,lr=0.1,plain-sign,157.668,0.9915
newgrid,N=8 ,10,"0.99_probability__max_""notbad"" U ""goal""",	30191,400,lr=0.1,plain-sign,177.831,0.9915
newgrid,N=8 ,10,"0.99_probability__max_""notbad"" U ""goal""",	30191,400,lr=0.1,plain-sign,177.426,0.9915
newgrid,N=8 ,10,"0.99_probability__max_""notbad"" U ""goal""",	30191,400,lr=0.1,plain-sign,177.441,0.9915
newgrid,N=8 ,10,"0.99_probability__max_""notbad"" U ""goal""",	30191,400,lr=0.1,momentum,N/A,N/A
newgrid,N=8 ,10,"0.99_probability__max_""notbad"" U ""goal""",	30191,400,lr=0.1,momentum,N/A,N/A
newgrid,N=8 ,10,"0.99_probability__max_""notbad"" U ""goal""",	30191,400,lr=0.1,momentum,3535.047,0.9901
newgrid,N=8 ,10,"0.99_probability__max_""notbad"" U ""goal""",	30191,400,lr=0.1,momentum,N/A,N/A
newgrid,N=8 ,10,"0.99_probability__max_""notbad"" U ""goal""",	30191,400,lr=0.1,momentum,N/A,N/A
newgrid,N=8 ,10,"0.99_probability__max_""notbad"" U ""goal""",	30191,400,lr=0.1,momentum-sign,105.208,0.9983
newgrid,N=8 ,10,"0.99_probability__max_""notbad"" U ""goal""",	30191,400,lr=0.1,momentum-sign,104.536,0.9983
newgrid,N=8 ,10,"0.99_probability__max_""notbad"" U ""goal""",	30191,400,lr=0.1,momentum-sign,105.218,0.9983
newgrid,N=8 ,10,"0.99_probability__max_""notbad"" U ""goal""",	30191,400,lr=0.1,momentum-sign,104.839,0.9983
newgrid,N=8 ,10,"0.99_probability__max_""notbad"" U ""goal""",	30191,400,lr=0.1,momentum-sign,82.765,0.9983
newgrid,N=8 ,10,"0.99_probability__max_""notbad"" U ""goal""",	30191,400,lr=0.1,nesterov,N/A,N/A
newgrid,N=8 ,10,"0.99_probability__max_""notbad"" U ""goal""",	30191,400,lr=0.1,nesterov,N/A,N/A
newgrid,N=8 ,10,"0.99_probability__max_""notbad"" U ""goal""",	30191,400,lr=0.1,nesterov,N/A,N/A
newgrid,N=8 ,10,"0.99_probability__max_""notbad"" U ""goal""",	30191,400,lr=0.1,nesterov,N/A,N/A
newgrid,N=8 ,10,"0.99_probability__max_""notbad"" U ""goal""",	30191,400,lr=0.1,nesterov,N/A,N/A
newgrid,N=8 ,10,"0.99_probability__max_""notbad"" U ""goal""",	30191,400,lr=0.1,nesterov-sign,304.555,0.9919
newgrid,N=8 ,10,"0.99_probability__max_""notbad"" U ""goal""",	30191,400,lr=0.1,nesterov-sign,285.118,0.9959
newgrid,N=8 ,10,"0.99_probability__max_""notbad"" U ""goal""",	30191,400,lr=0.1,nesterov-sign,228.269,0.9931
newgrid,N=8 ,10,"0.99_probability__max_""notbad"" U ""goal""",	30191,400,lr=0.1,nesterov-sign,296.336,0.9942
newgrid,N=8 ,10,"0.99_probability__max_""notbad"" U ""goal""",	30191,400,lr=0.1,nesterov-sign,343.483,0.9992
newgrid,N=15 ,10,"0.99_probability__max_""notbad"" U ""goal""",	98441,400,lr=0.1,adam,N/A,N/A
newgrid,N=15 ,10,"0.99_probability__max_""notbad"" U ""goal""",	98441,400,lr=0.1,adam,N/A,N/A
newgrid,N=15 ,10,"0.99_probability__max_""notbad"" U ""goal""",	98441,400,lr=0.1,adam,N/A,N/A
newgrid,N=15 ,10,"0.99_probability__max_""notbad"" U ""goal""",	98441,400,lr=0.1,adam,N/A,N/A
newgrid,N=15 ,10,"0.99_probability__max_""notbad"" U ""goal""",	98441,400,lr=0.1,adam,N/A,N/A
newgrid,N=15 ,10,"0.99_probability__max_""notbad"" U ""goal""",	98441,400,lr=0.1,radam,N/A,N/A
newgrid,N=15 ,10,"0.99_probability__max_""notbad"" U ""goal""",	98441,400,lr=0.1,radam,N/A,N/A
newgrid,N=15 ,10,"0.99_probability__max_""notbad"" U ""goal""",	98441,400,lr=0.1,radam,N/A,N/A
newgrid,N=15 ,10,"0.99_probability__max_""notbad"" U ""goal""",	98441,400,lr=0.1,radam,N/A,N/A
newgrid,N=15 ,10,"0.99_probability__max_""notbad"" U ""goal""",	98441,400,lr=0.1,radam,N/A,N/A
newgrid,N=15 ,10,"0.99_probability__max_""notbad"" U ""goal""",	98441,400,lr=0.1,rmsprop,2730.237,0.9996
newgrid,N=15 ,10,"0.99_probability__max_""notbad"" U ""goal""",	98441,400,lr=0.1,rmsprop,759.267,0.9942
newgrid,N=15 ,10,"0.99_probability__max_""notbad"" U ""goal""",	98441,400,lr=0.1,rmsprop,1859.949,0.9912
newgrid,N=15 ,10,"0.99_probability__max_""notbad"" U ""goal""",	98441,400,lr=0.1,rmsprop,1402.619,0.9934
newgrid,N=15 ,10,"0.99_probability__max_""notbad"" U ""goal""",	98441,400,lr=0.1,rmsprop,950.162,0.9917
newgrid,N=15 ,10,"0.99_probability__max_""notbad"" U ""goal""",	98441,400,lr=0.1,plain,N/A,N/A
newgrid,N=15 ,10,"0.99_probability__max_""notbad"" U ""goal""",	98441,400,lr=0.1,plain,N/A,N/A
newgrid,N=15 ,10,"0.99_probability__max_""notbad"" U ""goal""",	98441,400,lr=0.1,plain,N/A,N/A
newgrid,N=15 ,10,"0.99_probability__max_""notbad"" U ""goal""",	98441,400,lr=0.1,plain,N/A,N/A
newgrid,N=15 ,10,"0.99_probability__max_""notbad"" U ""goal""",	98441,400,lr=0.1,plain,N/A,N/A
newgrid,N=15 ,10,"0.99_probability__max_""notbad"" U ""goal""",	98441,400,lr=0.1,plain-sign,N/A,N/A
newgrid,N=15 ,10,"0.99_probability__max_""notbad"" U ""goal""",	98441,400,lr=0.1,plain-sign,N/A,N/A
newgrid,N=15 ,10,"0.99_probability__max_""notbad"" U ""goal""",	98441,400,lr=0.1,plain-sign,N/A,N/A
newgrid,N=15 ,10,"0.99_probability__max_""notbad"" U ""goal""",	98441,400,lr=0.1,plain-sign,N/A,N/A
newgrid,N=15 ,10,"0.99_probability__max_""notbad"" U ""goal""",	98441,400,lr=0.1,plain-sign,N/A,N/A
newgrid,N=15 ,10,"0.99_probability__max_""notbad"" U ""goal""",	98441,400,lr=0.1,momentum,N/A,N/A
newgrid,N=15 ,10,"0.99_probability__max_""notbad"" U ""goal""",	98441,400,lr=0.1,momentum,N/A,N/A
newgrid,N=15 ,10,"0.99_probability__max_""notbad"" U ""goal""",	98441,400,lr=0.1,momentum,N/A,N/A
newgrid,N=15 ,10,"0.99_probability__max_""notbad"" U ""goal""",	98441,400,lr=0.1,momentum,N/A,N/A
newgrid,N=15 ,10,"0.99_probability__max_""notbad"" U ""goal""",	98441,400,lr=0.1,momentum,N/A,N/A
newgrid,N=15 ,10,"0.99_probability__max_""notbad"" U ""goal""",	98441,400,lr=0.1,momentum-sign,N/A,N/A
newgrid,N=15 ,10,"0.99_probability__max_""notbad"" U ""goal""",	98441,400,lr=0.1,momentum-sign,N/A,N/A
newgrid,N=15 ,10,"0.99_probability__max_""notbad"" U ""goal""",	98441,400,lr=0.1,momentum-sign,N/A,N/A
newgrid,N=15 ,10,"0.99_probability__max_""notbad"" U ""goal""",	98441,400,lr=0.1,momentum-sign,N/A,N/A
newgrid,N=15 ,10,"0.99_probability__max_""notbad"" U ""goal""",	98441,400,lr=0.1,momentum-sign,N/A,N/A
newgrid,N=15 ,10,"0.99_probability__max_""notbad"" U ""goal""",	98441,400,lr=0.1,nesterov,N/A,N/A
newgrid,N=15 ,10,"0.99_probability__max_""notbad"" U ""goal""",	98441,400,lr=0.1,nesterov,N/A,N/A
newgrid,N=15 ,10,"0.99_probability__max_""notbad"" U ""goal""",	98441,400,lr=0.1,nesterov,N/A,N/A
newgrid,N=15 ,10,"0.99_probability__max_""notbad"" U ""goal""",	98441,400,lr=0.1,nesterov,N/A,N/A
newgrid,N=15 ,10,"0.99_probability__max_""notbad"" U ""goal""",	98441,400,lr=0.1,nesterov,N/A,N/A
newgrid,N=15 ,10,"0.99_probability__max_""notbad"" U ""goal""",	98441,400,lr=0.1,nesterov-sign,N/A,N/A
newgrid,N=15 ,10,"0.99_probability__max_""notbad"" U ""goal""",	98441,400,lr=0.1,nesterov-sign,N/A,N/A
newgrid,N=15 ,10,"0.99_probability__max_""notbad"" U ""goal""",	98441,400,lr=0.1,nesterov-sign,N/A,N/A
newgrid,N=15 ,10,"0.99_probability__max_""notbad"" U ""goal""",	98441,400,lr=0.1,nesterov-sign,N/A,N/A
newgrid,N=15 ,10,"0.99_probability__max_""notbad"" U ""goal""",	98441,400,lr=0.1,nesterov-sign,N/A,N/A
child_240,N/A,1,0.43_probability__min_CO2Report0,	243,224,lr=0.1,adam,13.706,0.43
child_240,N/A,1,0.43_probability__min_CO2Report0,	243,224,lr=0.1,adam,16.909,0.43
child_240,N/A,1,0.43_probability__min_CO2Report0,	243,224,lr=0.1,adam,16.83,0.43
child_240,N/A,1,0.43_probability__min_CO2Report0,	243,224,lr=0.1,adam,16.822,0.43
child_240,N/A,1,0.43_probability__min_CO2Report0,	243,224,lr=0.1,adam,16.967,0.43
child_240,N/A,1,0.43_probability__min_CO2Report0,	243,224,lr=0.1,radam,33.156,0.4294
child_240,N/A,1,0.43_probability__min_CO2Report0,	243,224,lr=0.1,radam,33.036,0.4294
child_240,N/A,1,0.43_probability__min_CO2Report0,	243,224,lr=0.1,radam,38.641,0.4294
child_240,N/A,1,0.43_probability__min_CO2Report0,	243,224,lr=0.1,radam,38.673,0.4294
child_240,N/A,1,0.43_probability__min_CO2Report0,	243,224,lr=0.1,radam,38.595,0.4294
child_240,N/A,1,0.43_probability__min_CO2Report0,	243,224,lr=0.1,rmsprop,9.174,0.4285
child_240,N/A,1,0.43_probability__min_CO2Report0,	243,224,lr=0.1,rmsprop,7.434,0.4285
child_240,N/A,1,0.43_probability__min_CO2Report0,	243,224,lr=0.1,rmsprop,7.458,0.4285
child_240,N/A,1,0.43_probability__min_CO2Report0,	243,224,lr=0.1,rmsprop,7.038,0.4285
child_240,N/A,1,0.43_probability__min_CO2Report0,	243,224,lr=0.1,rmsprop,7.033,0.4285
child_240,N/A,1,0.43_probability__min_CO2Report0,	243,224,lr=0.1,plain,N/A,N/A
child_240,N/A,1,0.43_probability__min_CO2Report0,	243,224,lr=0.1,plain,N/A,N/A
child_240,N/A,1,0.43_probability__min_CO2Report0,	243,224,lr=0.1,plain,N/A,N/A
child_240,N/A,1,0.43_probability__min_CO2Report0,	243,224,lr=0.1,plain,N/A,N/A
child_240,N/A,1,0.43_probability__min_CO2Report0,	243,224,lr=0.1,plain,N/A,N/A
child_240,N/A,1,0.43_probability__min_CO2Report0,	243,224,lr=0.1,plain-sign,11.804,0.4273
child_240,N/A,1,0.43_probability__min_CO2Report0,	243,224,lr=0.1,plain-sign,12.337,0.4273
child_240,N/A,1,0.43_probability__min_CO2Report0,	243,224,lr=0.1,plain-sign,12.158,0.4273
child_240,N/A,1,0.43_probability__min_CO2Report0,	243,224,lr=0.1,plain-sign,8.948,0.4273
child_240,N/A,1,0.43_probability__min_CO2Report0,	243,224,lr=0.1,plain-sign,8.917,0.4273
child_240,N/A,1,0.43_probability__min_CO2Report0,	243,224,lr=0.1,momentum,3169.179,0.43
child_240,N/A,1,0.43_probability__min_CO2Report0,	243,224,lr=0.1,momentum,1779.941,0.43
child_240,N/A,1,0.43_probability__min_CO2Report0,	243,224,lr=0.1,momentum,3687.597,0.43
child_240,N/A,1,0.43_probability__min_CO2Report0,	243,224,lr=0.1,momentum,1976.202,0.43
child_240,N/A,1,0.43_probability__min_CO2Report0,	243,224,lr=0.1,momentum,1366.162,0.43
child_240,N/A,1,0.43_probability__min_CO2Report0,	243,224,lr=0.1,momentum-sign,6.54,0.43
child_240,N/A,1,0.43_probability__min_CO2Report0,	243,224,lr=0.1,momentum-sign,6.53,0.43
child_240,N/A,1,0.43_probability__min_CO2Report0,	243,224,lr=0.1,momentum-sign,6.591,0.43
child_240,N/A,1,0.43_probability__min_CO2Report0,	243,224,lr=0.1,momentum-sign,6.536,0.43
child_240,N/A,1,0.43_probability__min_CO2Report0,	243,224,lr=0.1,momentum-sign,6.84,0.43
child_240,N/A,1,0.43_probability__min_CO2Report0,	243,224,lr=0.1,nesterov,1135.538,0.43
child_240,N/A,1,0.43_probability__min_CO2Report0,	243,224,lr=0.1,nesterov,4477.972,0.43
child_240,N/A,1,0.43_probability__min_CO2Report0,	243,224,lr=0.1,nesterov,2770.809,0.43
child_240,N/A,1,0.43_probability__min_CO2Report0,	243,224,lr=0.1,nesterov,1178.993,0.43
child_240,N/A,1,0.43_probability__min_CO2Report0,	243,224,lr=0.1,nesterov,1142.957,0.43
child_240,N/A,1,0.43_probability__min_CO2Report0,	243,224,lr=0.1,nesterov-sign,9.405,0.4294
child_240,N/A,1,0.43_probability__min_CO2Report0,	243,224,lr=0.1,nesterov-sign,9.556,0.4294
child_240,N/A,1,0.43_probability__min_CO2Report0,	243,224,lr=0.1,nesterov-sign,9.27,0.4294
child_240,N/A,1,0.43_probability__min_CO2Report0,	243,224,lr=0.1,nesterov-sign,9.635,0.4294
child_240,N/A,1,0.43_probability__min_CO2Report0,	243,224,lr=0.1,nesterov-sign,9.64,0.4294
samplerocks,N=8 ,1,40_reward__min_goal,	11278,2845,lr=0.1,adam,418.143,39.7729
samplerocks,N=8 ,1,40_reward__min_goal,	11278,2845,lr=0.1,adam,418.196,39.7729
samplerocks,N=8 ,1,40_reward__min_goal,	11278,2845,lr=0.1,adam,421.343,39.7729
samplerocks,N=8 ,1,40_reward__min_goal,	11278,2845,lr=0.1,adam,479.982,39.7729
samplerocks,N=8 ,1,40_reward__min_goal,	11278,2845,lr=0.1,adam,384.587,39.7729
samplerocks,N=8 ,1,40_reward__min_goal,	11278,2845,lr=0.1,radam,632.999,39.8637
samplerocks,N=8 ,1,40_reward__min_goal,	11278,2845,lr=0.1,radam,631.955,39.8637
samplerocks,N=8 ,1,40_reward__min_goal,	11278,2845,lr=0.1,radam,635.556,39.8637
samplerocks,N=8 ,1,40_reward__min_goal,	11278,2845,lr=0.1,radam,547.307,39.8637
samplerocks,N=8 ,1,40_reward__min_goal,	11278,2845,lr=0.1,radam,659.577,39.8637
samplerocks,N=8 ,1,40_reward__min_goal,	11278,2845,lr=0.1,rmsprop,229.129,39.948
samplerocks,N=8 ,1,40_reward__min_goal,	11278,2845,lr=0.1,rmsprop,247.778,39.948
samplerocks,N=8 ,1,40_reward__min_goal,	11278,2845,lr=0.1,rmsprop,274.239,39.948
samplerocks,N=8 ,1,40_reward__min_goal,	11278,2845,lr=0.1,rmsprop,267.993,39.948
samplerocks,N=8 ,1,40_reward__min_goal,	11278,2845,lr=0.1,rmsprop,269.84,39.948
samplerocks,N=8 ,1,40_reward__min_goal,	11278,2845,lr=0.1,plain,74.032,38.9336
samplerocks,N=8 ,1,40_reward__min_goal,	11278,2845,lr=0.1,plain,59.662,38.9336
samplerocks,N=8 ,1,40_reward__min_goal,	11278,2845,lr=0.1,plain,54.489,38.9336
samplerocks,N=8 ,1,40_reward__min_goal,	11278,2845,lr=0.1,plain,59.098,38.9336
samplerocks,N=8 ,1,40_reward__min_goal,	11278,2845,lr=0.1,plain,63.407,38.9336
samplerocks,N=8 ,1,40_reward__min_goal,	11278,2845,lr=0.1,plain-sign,498.855,39.956
samplerocks,N=8 ,1,40_reward__min_goal,	11278,2845,lr=0.1,plain-sign,416.557,39.956
samplerocks,N=8 ,1,40_reward__min_goal,	11278,2845,lr=0.1,plain-sign,376.518,39.956
samplerocks,N=8 ,1,40_reward__min_goal,	11278,2845,lr=0.1,plain-sign,407.801,39.956
samplerocks,N=8 ,1,40_reward__min_goal,	11278,2845,lr=0.1,plain-sign,435.691,39.956
samplerocks,N=8 ,1,40_reward__min_goal,	11278,2845,lr=0.1,momentum,55.115,38.9336
samplerocks,N=8 ,1,40_reward__min_goal,	11278,2845,lr=0.1,momentum,59.226,38.9336
samplerocks,N=8 ,1,40_reward__min_goal,	11278,2845,lr=0.1,momentum,53.608,38.9336
samplerocks,N=8 ,1,40_reward__min_goal,	11278,2845,lr=0.1,momentum,64.413,38.9336
samplerocks,N=8 ,1,40_reward__min_goal,	11278,2845,lr=0.1,momentum,64.62,38.9336
samplerocks,N=8 ,1,40_reward__min_goal,	11278,2845,lr=0.1,momentum-sign,288.587,39.5901
samplerocks,N=8 ,1,40_reward__min_goal,	11278,2845,lr=0.1,momentum-sign,288.472,39.5901
samplerocks,N=8 ,1,40_reward__min_goal,	11278,2845,lr=0.1,momentum-sign,289.246,39.5901
samplerocks,N=8 ,1,40_reward__min_goal,	11278,2845,lr=0.1,momentum-sign,290.175,39.5901
samplerocks,N=8 ,1,40_reward__min_goal,	11278,2845,lr=0.1,momentum-sign,242.796,39.5901
samplerocks,N=8 ,1,40_reward__min_goal,	11278,2845,lr=0.1,nesterov,59.419,38.9336
samplerocks,N=8 ,1,40_reward__min_goal,	11278,2845,lr=0.1,nesterov,54.337,38.9336
samplerocks,N=8 ,1,40_reward__min_goal,	11278,2845,lr=0.1,nesterov,64.971,38.9336
samplerocks,N=8 ,1,40_reward__min_goal,	11278,2845,lr=0.1,nesterov,64.929,38.9336
samplerocks,N=8 ,1,40_reward__min_goal,	11278,2845,lr=0.1,nesterov,55.945,38.9336
samplerocks,N=8 ,1,40_reward__min_goal,	11278,2845,lr=0.1,nesterov-sign,270.497,39.5901
samplerocks,N=8 ,1,40_reward__min_goal,	11278,2845,lr=0.1,nesterov-sign,245.634,39.5901
samplerocks,N=8 ,1,40_reward__min_goal,	11278,2845,lr=0.1,nesterov-sign,298.721,39.5901
samplerocks,N=8 ,1,40_reward__min_goal,	11278,2845,lr=0.1,nesterov-sign,288.825,39.5901
samplerocks,N=8 ,1,40_reward__min_goal,	11278,2845,lr=0.1,nesterov-sign,300.257,39.5901
refuel,N=8 ,3,"0.35_probability__max_""notbad"" U ""goal""",	7507,795,lr=0.1,adam,1289.804,0.359
refuel,N=8 ,3,"0.35_probability__max_""notbad"" U ""goal""",	7507,795,lr=0.1,adam,521.327,0.3517
refuel,N=8 ,3,"0.35_probability__max_""notbad"" U ""goal""",	7507,795,lr=0.1,adam,975.451,0.352
refuel,N=8 ,3,"0.35_probability__max_""notbad"" U ""goal""",	7507,795,lr=0.1,adam,465.474,0.3512
refuel,N=8 ,3,"0.35_probability__max_""notbad"" U ""goal""",	7507,795,lr=0.1,adam,795.423,0.3518
refuel,N=8 ,3,"0.35_probability__max_""notbad"" U ""goal""",	7507,795,lr=0.1,radam,161.906,0.3512
refuel,N=8 ,3,"0.35_probability__max_""notbad"" U ""goal""",	7507,795,lr=0.1,radam,191.75,0.3512
refuel,N=8 ,3,"0.35_probability__max_""notbad"" U ""goal""",	7507,795,lr=0.1,radam,197.401,0.3512
refuel,N=8 ,3,"0.35_probability__max_""notbad"" U ""goal""",	7507,795,lr=0.1,radam,193.683,0.3512
refuel,N=8 ,3,"0.35_probability__max_""notbad"" U ""goal""",	7507,795,lr=0.1,radam,194.077,0.3512
refuel,N=8 ,3,"0.35_probability__max_""notbad"" U ""goal""",	7507,795,lr=0.1,rmsprop,N/A,N/A
refuel,N=8 ,3,"0.35_probability__max_""notbad"" U ""goal""",	7507,795,lr=0.1,rmsprop,2587.251,0.3576
refuel,N=8 ,3,"0.35_probability__max_""notbad"" U ""goal""",	7507,795,lr=0.1,rmsprop,1863.04,0.3547
refuel,N=8 ,3,"0.35_probability__max_""notbad"" U ""goal""",	7507,795,lr=0.1,rmsprop,4203.503,0.3514
refuel,N=8 ,3,"0.35_probability__max_""notbad"" U ""goal""",	7507,795,lr=0.1,rmsprop,536.058,0.3508
refuel,N=8 ,3,"0.35_probability__max_""notbad"" U ""goal""",	7507,795,lr=0.1,plain,N/A,N/A
refuel,N=8 ,3,"0.35_probability__max_""notbad"" U ""goal""",	7507,795,lr=0.1,plain,N/A,N/A
refuel,N=8 ,3,"0.35_probability__max_""notbad"" U ""goal""",	7507,795,lr=0.1,plain,N/A,N/A
refuel,N=8 ,3,"0.35_probability__max_""notbad"" U ""goal""",	7507,795,lr=0.1,plain,N/A,N/A
refuel,N=8 ,3,"0.35_probability__max_""notbad"" U ""goal""",	7507,795,lr=0.1,plain,N/A,N/A
refuel,N=8 ,3,"0.35_probability__max_""notbad"" U ""goal""",	7507,795,lr=0.1,plain-sign,N/A,N/A
refuel,N=8 ,3,"0.35_probability__max_""notbad"" U ""goal""",	7507,795,lr=0.1,plain-sign,N/A,N/A
refuel,N=8 ,3,"0.35_probability__max_""notbad"" U ""goal""",	7507,795,lr=0.1,plain-sign,N/A,N/A
refuel,N=8 ,3,"0.35_probability__max_""notbad"" U ""goal""",	7507,795,lr=0.1,plain-sign,N/A,N/A
refuel,N=8 ,3,"0.35_probability__max_""notbad"" U ""goal""",	7507,795,lr=0.1,plain-sign,N/A,N/A
refuel,N=8 ,3,"0.35_probability__max_""notbad"" U ""goal""",	7507,795,lr=0.1,momentum,5482.621,0.35
refuel,N=8 ,3,"0.35_probability__max_""notbad"" U ""goal""",	7507,795,lr=0.1,momentum,N/A,N/A
refuel,N=8 ,3,"0.35_probability__max_""notbad"" U ""goal""",	7507,795,lr=0.1,momentum,N/A,N/A
refuel,N=8 ,3,"0.35_probability__max_""notbad"" U ""goal""",	7507,795,lr=0.1,momentum,N/A,N/A
refuel,N=8 ,3,"0.35_probability__max_""notbad"" U ""goal""",	7507,795,lr=0.1,momentum,N/A,N/A
refuel,N=8 ,3,"0.35_probability__max_""notbad"" U ""goal""",	7507,795,lr=0.1,momentum-sign,344.719,0.3527
refuel,N=8 ,3,"0.35_probability__max_""notbad"" U ""goal""",	7507,795,lr=0.1,momentum-sign,319.764,0.3515
refuel,N=8 ,3,"0.35_probability__max_""notbad"" U ""goal""",	7507,795,lr=0.1,momentum-sign,675.691,0.3514
refuel,N=8 ,3,"0.35_probability__max_""notbad"" U ""goal""",	7507,795,lr=0.1,momentum-sign,306.189,0.3514
refuel,N=8 ,3,"0.35_probability__max_""notbad"" U ""goal""",	7507,795,lr=0.1,momentum-sign,1729.824,0.351
refuel,N=8 ,3,"0.35_probability__max_""notbad"" U ""goal""",	7507,795,lr=0.1,nesterov,2592.786,0.3521
refuel,N=8 ,3,"0.35_probability__max_""notbad"" U ""goal""",	7507,795,lr=0.1,nesterov,N/A,N/A
refuel,N=8 ,3,"0.35_probability__max_""notbad"" U ""goal""",	7507,795,lr=0.1,nesterov,N/A,N/A
refuel,N=8 ,3,"0.35_probability__max_""notbad"" U ""goal""",	7507,795,lr=0.1,nesterov,N/A,N/A
refuel,N=8 ,3,"0.35_probability__max_""notbad"" U ""goal""",	7507,795,lr=0.1,nesterov,N/A,N/A
refuel,N=8 ,3,"0.35_probability__max_""notbad"" U ""goal""",	7507,795,lr=0.1,nesterov-sign,2501.08,0.3545
refuel,N=8 ,3,"0.35_probability__max_""notbad"" U ""goal""",	7507,795,lr=0.1,nesterov-sign,1895.827,0.353
refuel,N=8 ,3,"0.35_probability__max_""notbad"" U ""goal""",	7507,795,lr=0.1,nesterov-sign,1576.792,0.3512
refuel,N=8 ,3,"0.35_probability__max_""notbad"" U ""goal""",	7507,795,lr=0.1,nesterov-sign,723.38,0.3526
refuel,N=8 ,3,"0.35_probability__max_""notbad"" U ""goal""",	7507,795,lr=0.1,nesterov-sign,1392.736,0.3533
refuel,N=5 ,3,"0.35_probability__max_""notbad"" U ""goal""",	1564,453,lr=0.1,adam,11.589,0.3503
refuel,N=5 ,3,"0.35_probability__max_""notbad"" U ""goal""",	1564,453,lr=0.1,adam,11.602,0.3503
refuel,N=5 ,3,"0.35_probability__max_""notbad"" U ""goal""",	1564,453,lr=0.1,adam,11.609,0.3503
refuel,N=5 ,3,"0.35_probability__max_""notbad"" U ""goal""",	1564,453,lr=0.1,adam,11.56,0.3503
refuel,N=5 ,3,"0.35_probability__max_""notbad"" U ""goal""",	1564,453,lr=0.1,adam,12.675,0.3503
refuel,N=5 ,3,"0.35_probability__max_""notbad"" U ""goal""",	1564,453,lr=0.1,radam,28.191,0.3505
refuel,N=5 ,3,"0.35_probability__max_""notbad"" U ""goal""",	1564,453,lr=0.1,radam,28.224,0.3505
refuel,N=5 ,3,"0.35_probability__max_""notbad"" U ""goal""",	1564,453,lr=0.1,radam,33.933,0.3505
refuel,N=5 ,3,"0.35_probability__max_""notbad"" U ""goal""",	1564,453,lr=0.1,radam,33.922,0.3505
refuel,N=5 ,3,"0.35_probability__max_""notbad"" U ""goal""",	1564,453,lr=0.1,radam,31.281,0.3505
refuel,N=5 ,3,"0.35_probability__max_""notbad"" U ""goal""",	1564,453,lr=0.1,rmsprop,7.664,0.3537
refuel,N=5 ,3,"0.35_probability__max_""notbad"" U ""goal""",	1564,453,lr=0.1,rmsprop,7.664,0.3537
refuel,N=5 ,3,"0.35_probability__max_""notbad"" U ""goal""",	1564,453,lr=0.1,rmsprop,6.482,0.3537
refuel,N=5 ,3,"0.35_probability__max_""notbad"" U ""goal""",	1564,453,lr=0.1,rmsprop,6.49,0.3537
refuel,N=5 ,3,"0.35_probability__max_""notbad"" U ""goal""",	1564,453,lr=0.1,rmsprop,6.434,0.3537
refuel,N=5 ,3,"0.35_probability__max_""notbad"" U ""goal""",	1564,453,lr=0.1,plain,2815.512,0.35
refuel,N=5 ,3,"0.35_probability__max_""notbad"" U ""goal""",	1564,453,lr=0.1,plain,2827.443,0.35
refuel,N=5 ,3,"0.35_probability__max_""notbad"" U ""goal""",	1564,453,lr=0.1,plain,2821.029,0.35
refuel,N=5 ,3,"0.35_probability__max_""notbad"" U ""goal""",	1564,453,lr=0.1,plain,2962.029,0.35
refuel,N=5 ,3,"0.35_probability__max_""notbad"" U ""goal""",	1564,453,lr=0.1,plain,2962.361,0.35
refuel,N=5 ,3,"0.35_probability__max_""notbad"" U ""goal""",	1564,453,lr=0.1,plain-sign,10.837,0.3503
refuel,N=5 ,3,"0.35_probability__max_""notbad"" U ""goal""",	1564,453,lr=0.1,plain-sign,10.374,0.3503
refuel,N=5 ,3,"0.35_probability__max_""notbad"" U ""goal""",	1564,453,lr=0.1,plain-sign,10.389,0.3503
refuel,N=5 ,3,"0.35_probability__max_""notbad"" U ""goal""",	1564,453,lr=0.1,plain-sign,8.515,0.3503
refuel,N=5 ,3,"0.35_probability__max_""notbad"" U ""goal""",	1564,453,lr=0.1,plain-sign,8.554,0.3503
refuel,N=5 ,3,"0.35_probability__max_""notbad"" U ""goal""",	1564,453,lr=0.1,momentum,392.666,0.35
refuel,N=5 ,3,"0.35_probability__max_""notbad"" U ""goal""",	1564,453,lr=0.1,momentum,487.675,0.35
refuel,N=5 ,3,"0.35_probability__max_""notbad"" U ""goal""",	1564,453,lr=0.1,momentum,462.209,0.35
refuel,N=5 ,3,"0.35_probability__max_""notbad"" U ""goal""",	1564,453,lr=0.1,momentum,462.642,0.35
refuel,N=5 ,3,"0.35_probability__max_""notbad"" U ""goal""",	1564,453,lr=0.1,momentum,392.25,0.35
refuel,N=5 ,3,"0.35_probability__max_""notbad"" U ""goal""",	1564,453,lr=0.1,momentum-sign,12.761,0.351
refuel,N=5 ,3,"0.35_probability__max_""notbad"" U ""goal""",	1564,453,lr=0.1,momentum-sign,12.761,0.351
refuel,N=5 ,3,"0.35_probability__max_""notbad"" U ""goal""",	1564,453,lr=0.1,momentum-sign,12.873,0.351
refuel,N=5 ,3,"0.35_probability__max_""notbad"" U ""goal""",	1564,453,lr=0.1,momentum-sign,16.997,0.351
refuel,N=5 ,3,"0.35_probability__max_""notbad"" U ""goal""",	1564,453,lr=0.1,momentum-sign,12.831,0.351
refuel,N=5 ,3,"0.35_probability__max_""notbad"" U ""goal""",	1564,453,lr=0.1,nesterov,409.166,0.3501
refuel,N=5 ,3,"0.35_probability__max_""notbad"" U ""goal""",	1564,453,lr=0.1,nesterov,551.483,0.3501
refuel,N=5 ,3,"0.35_probability__max_""notbad"" U ""goal""",	1564,453,lr=0.1,nesterov,404.315,0.3501
refuel,N=5 ,3,"0.35_probability__max_""notbad"" U ""goal""",	1564,453,lr=0.1,nesterov,391.077,0.3501
refuel,N=5 ,3,"0.35_probability__max_""notbad"" U ""goal""",	1564,453,lr=0.1,nesterov,461.412,0.3501
refuel,N=5 ,3,"0.35_probability__max_""notbad"" U ""goal""",	1564,453,lr=0.1,nesterov-sign,11.176,0.3505
refuel,N=5 ,3,"0.35_probability__max_""notbad"" U ""goal""",	1564,453,lr=0.1,nesterov-sign,10.786,0.3505
refuel,N=5 ,3,"0.35_probability__max_""notbad"" U ""goal""",	1564,453,lr=0.1,nesterov-sign,10.812,0.3505
refuel,N=5 ,3,"0.35_probability__max_""notbad"" U ""goal""",	1564,453,lr=0.1,nesterov-sign,10.761,0.3505
refuel,N=5 ,3,"0.35_probability__max_""notbad"" U ""goal""",	1564,453,lr=0.1,nesterov-sign,9.546,0.3505
maze2,N/A,15,6_reward__min_goal,	5340,2625,lr=0.1,adam,124.003,5.8574
maze2,N/A,15,6_reward__min_goal,	5340,2625,lr=0.1,adam,122.669,5.8574
maze2,N/A,15,6_reward__min_goal,	5340,2625,lr=0.1,adam,154.345,5.8574
maze2,N/A,15,6_reward__min_goal,	5340,2625,lr=0.1,adam,154.371,5.8574
maze2,N/A,15,6_reward__min_goal,	5340,2625,lr=0.1,adam,149.82,5.8574
maze2,N/A,15,6_reward__min_goal,	5340,2625,lr=0.1,radam,207.749,5.7762
maze2,N/A,15,6_reward__min_goal,	5340,2625,lr=0.1,radam,200.139,5.7762
maze2,N/A,15,6_reward__min_goal,	5340,2625,lr=0.1,radam,179.994,5.7762
maze2,N/A,15,6_reward__min_goal,	5340,2625,lr=0.1,radam,182.869,5.7762
maze2,N/A,15,6_reward__min_goal,	5340,2625,lr=0.1,radam,183.398,5.7762
maze2,N/A,15,6_reward__min_goal,	5340,2625,lr=0.1,rmsprop,185.321,5.8957
maze2,N/A,15,6_reward__min_goal,	5340,2625,lr=0.1,rmsprop,191.863,5.8957
maze2,N/A,15,6_reward__min_goal,	5340,2625,lr=0.1,rmsprop,191.327,5.8957
maze2,N/A,15,6_reward__min_goal,	5340,2625,lr=0.1,rmsprop,192.441,5.8957
maze2,N/A,15,6_reward__min_goal,	5340,2625,lr=0.1,rmsprop,190.513,5.8957
maze2,N/A,15,6_reward__min_goal,	5340,2625,lr=0.1,plain,1970.423,6.0
maze2,N/A,15,6_reward__min_goal,	5340,2625,lr=0.1,plain,1980.075,6.0
maze2,N/A,15,6_reward__min_goal,	5340,2625,lr=0.1,plain,2106.364,6.0
maze2,N/A,15,6_reward__min_goal,	5340,2625,lr=0.1,plain,1862.694,6.0
maze2,N/A,15,6_reward__min_goal,	5340,2625,lr=0.1,plain,2002.967,6.0
maze2,N/A,15,6_reward__min_goal,	5340,2625,lr=0.1,plain-sign,165.633,5.9379
maze2,N/A,15,6_reward__min_goal,	5340,2625,lr=0.1,plain-sign,171.596,5.9379
maze2,N/A,15,6_reward__min_goal,	5340,2625,lr=0.1,plain-sign,170.825,5.9379
maze2,N/A,15,6_reward__min_goal,	5340,2625,lr=0.1,plain-sign,180.235,5.9379
maze2,N/A,15,6_reward__min_goal,	5340,2625,lr=0.1,plain-sign,168.306,5.9379
maze2,N/A,15,6_reward__min_goal,	5340,2625,lr=0.1,momentum,481.721,5.9996
maze2,N/A,15,6_reward__min_goal,	5340,2625,lr=0.1,momentum,470.307,5.9996
maze2,N/A,15,6_reward__min_goal,	5340,2625,lr=0.1,momentum,473.678,5.9996
maze2,N/A,15,6_reward__min_goal,	5340,2625,lr=0.1,momentum,484.483,5.9996
maze2,N/A,15,6_reward__min_goal,	5340,2625,lr=0.1,momentum,490.489,5.9996
maze2,N/A,15,6_reward__min_goal,	5340,2625,lr=0.1,momentum-sign,144.652,5.7494
maze2,N/A,15,6_reward__min_goal,	5340,2625,lr=0.1,momentum-sign,144.382,5.7494
maze2,N/A,15,6_reward__min_goal,	5340,2625,lr=0.1,momentum-sign,143.581,5.7494
maze2,N/A,15,6_reward__min_goal,	5340,2625,lr=0.1,momentum-sign,120.856,5.7494
maze2,N/A,15,6_reward__min_goal,	5340,2625,lr=0.1,momentum-sign,121.517,5.7494
maze2,N/A,15,6_reward__min_goal,	5340,2625,lr=0.1,nesterov,484.16,5.9995
maze2,N/A,15,6_reward__min_goal,	5340,2625,lr=0.1,nesterov,487.447,5.9995
maze2,N/A,15,6_reward__min_goal,	5340,2625,lr=0.1,nesterov,465.512,5.9995
maze2,N/A,15,6_reward__min_goal,	5340,2625,lr=0.1,nesterov,468.325,5.9995
maze2,N/A,15,6_reward__min_goal,	5340,2625,lr=0.1,nesterov,440.54,5.9995
maze2,N/A,15,6_reward__min_goal,	5340,2625,lr=0.1,nesterov-sign,113.496,5.876
maze2,N/A,15,6_reward__min_goal,	5340,2625,lr=0.1,nesterov-sign,114.184,5.876
maze2,N/A,15,6_reward__min_goal,	5340,2625,lr=0.1,nesterov-sign,112.154,5.876
maze2,N/A,15,6_reward__min_goal,	5340,2625,lr=0.1,nesterov-sign,112.531,5.876
maze2,N/A,15,6_reward__min_goal,	5340,2625,lr=0.1,nesterov-sign,110.835,5.876
maze2,N/A,50,6_reward__min_goal,	61000,29750,lr=0.1,adam,N/A,N/A
maze2,N/A,50,6_reward__min_goal,	61000,29750,lr=0.1,adam,N/A,N/A
maze2,N/A,50,6_reward__min_goal,	61000,29750,lr=0.1,adam,N/A,N/A
maze2,N/A,50,6_reward__min_goal,	61000,29750,lr=0.1,adam,N/A,N/A
maze2,N/A,50,6_reward__min_goal,	61000,29750,lr=0.1,adam,N/A,N/A
maze2,N/A,50,6_reward__min_goal,	61000,29750,lr=0.1,radam,N/A,N/A
maze2,N/A,50,6_reward__min_goal,	61000,29750,lr=0.1,radam,N/A,N/A
maze2,N/A,50,6_reward__min_goal,	61000,29750,lr=0.1,radam,N/A,N/A
maze2,N/A,50,6_reward__min_goal,	61000,29750,lr=0.1,radam,N/A,N/A
maze2,N/A,50,6_reward__min_goal,	61000,29750,lr=0.1,radam,N/A,N/A
maze2,N/A,50,6_reward__min_goal,	61000,29750,lr=0.1,rmsprop,N/A,N/A
maze2,N/A,50,6_reward__min_goal,	61000,29750,lr=0.1,rmsprop,N/A,N/A
maze2,N/A,50,6_reward__min_goal,	61000,29750,lr=0.1,rmsprop,N/A,N/A
maze2,N/A,50,6_reward__min_goal,	61000,29750,lr=0.1,rmsprop,N/A,N/A
maze2,N/A,50,6_reward__min_goal,	61000,29750,lr=0.1,rmsprop,N/A,N/A
maze2,N/A,50,6_reward__min_goal,	61000,29750,lr=0.1,plain,N/A,N/A
maze2,N/A,50,6_reward__min_goal,	61000,29750,lr=0.1,plain,N/A,N/A
maze2,N/A,50,6_reward__min_goal,	61000,29750,lr=0.1,plain,N/A,N/A
maze2,N/A,50,6_reward__min_goal,	61000,29750,lr=0.1,plain,N/A,N/A
maze2,N/A,50,6_reward__min_goal,	61000,29750,lr=0.1,plain,N/A,N/A
maze2,N/A,50,6_reward__min_goal,	61000,29750,lr=0.1,plain-sign,N/A,N/A
maze2,N/A,50,6_reward__min_goal,	61000,29750,lr=0.1,plain-sign,N/A,N/A
maze2,N/A,50,6_reward__min_goal,	61000,29750,lr=0.1,plain-sign,N/A,N/A
maze2,N/A,50,6_reward__min_goal,	61000,29750,lr=0.1,plain-sign,N/A,N/A
maze2,N/A,50,6_reward__min_goal,	61000,29750,lr=0.1,plain-sign,N/A,N/A
maze2,N/A,50,6_reward__min_goal,	61000,29750,lr=0.1,momentum,N/A,N/A
maze2,N/A,50,6_reward__min_goal,	61000,29750,lr=0.1,momentum,N/A,N/A
maze2,N/A,50,6_reward__min_goal,	61000,29750,lr=0.1,momentum,N/A,N/A
maze2,N/A,50,6_reward__min_goal,	61000,29750,lr=0.1,momentum,N/A,N/A
maze2,N/A,50,6_reward__min_goal,	61000,29750,lr=0.1,momentum,N/A,N/A
maze2,N/A,50,6_reward__min_goal,	61000,29750,lr=0.1,momentum-sign,N/A,N/A
maze2,N/A,50,6_reward__min_goal,	61000,29750,lr=0.1,momentum-sign,N/A,N/A
maze2,N/A,50,6_reward__min_goal,	61000,29750,lr=0.1,momentum-sign,N/A,N/A
maze2,N/A,50,6_reward__min_goal,	61000,29750,lr=0.1,momentum-sign,N/A,N/A
maze2,N/A,50,6_reward__min_goal,	61000,29750,lr=0.1,momentum-sign,N/A,N/A
maze2,N/A,50,6_reward__min_goal,	61000,29750,lr=0.1,nesterov,N/A,N/A
maze2,N/A,50,6_reward__min_goal,	61000,29750,lr=0.1,nesterov,N/A,N/A
maze2,N/A,50,6_reward__min_goal,	61000,29750,lr=0.1,nesterov,N/A,N/A
maze2,N/A,50,6_reward__min_goal,	61000,29750,lr=0.1,nesterov,N/A,N/A
maze2,N/A,50,6_reward__min_goal,	61000,29750,lr=0.1,nesterov,N/A,N/A
maze2,N/A,50,6_reward__min_goal,	61000,29750,lr=0.1,nesterov-sign,N/A,N/A
maze2,N/A,50,6_reward__min_goal,	61000,29750,lr=0.1,nesterov-sign,N/A,N/A
maze2,N/A,50,6_reward__min_goal,	61000,29750,lr=0.1,nesterov-sign,N/A,N/A
maze2,N/A,50,6_reward__min_goal,	61000,29750,lr=0.1,nesterov-sign,N/A,N/A
maze2,N/A,50,6_reward__min_goal,	61000,29750,lr=0.1,nesterov-sign,N/A,N/A
